1,현대자동차,서울특별시 서초구 양재동,현대자동차그룹,1967-12-29,정주영,정의선,자동차 제조업,"
Progress for Humanity","현대자동차는 자동차제조업에 대한 삼원화 정부 방침에 따라 고 정주영 회장이 1967년 12월 29일 설립한 회사로 처음에는 포드와 기술 제휴를 통하여 제조/조립 기술력을 향상시켰고, 1976년 국내 최초의 독자 모델인 ‘포니’를 생산하였으며, 경미한 수준의 수출도 이루어졌다. 1986년 수출전략형 모델인 ‘엑셀’이 출시되며 수출이 본격화되기 시작하였다.
이후 쏘나타, 그랜저를 생산하며 국내 최대의 자동차 기업으로 성장하였고 2014년 세계 100대 브랜드 중 40위를 기록 하고 있다. 최초 고유 모델인 포니부터 최근 출시한 LF쏘나타까지 약 60여개 모델을 출시하며 성장하였고, 1998년 자회사로 편입한 기아자동차의 판매량을 포함하여 2014년에 771만대(현대차 : 497만대)를 판매, 누적으로 약 8,000만대를 판매한 세계적인 메이커가 되었다.
2000년 8월 현대자동차그룹으로 계열분리 이후 본사를 서울시 양재동으로 이전하였으며, 국내 공장은 울산, 아산, 전주에 소재하고 있다. 또한, 전세계 완성차 공장은 중국, 미국, 유럽, 러시아, 브라질 등 전세계 대륙에 고루 분포하고 있다. 현대자동차의 심볼은 단순히 H를 형상화 한 것만이 아니라 두 사람이 악수하고 있는 모습을 담고 있다고 한다. H를 감싸고 있는 타원은 세계를 무대로 뛰고 있음을 뜻한다.",https://i.namu.wiki/s/5e4e0588f3aab904cac487ba42bd71128c72ae4887253f93353efa88169a6a6e1e9060ea2a3b32cda01a76471e05152a2aa3a75f4dbf353e97be91c435f04d5f38c7296efa2f810ab8e1903525b2a760ca841c25e1d5a7c5a65deba540342f0d
2,기아,서울특별시 서초구 양재동,현대자동차그룹,1944-12-11,김철호,"송호성, 최준영",자동차 제조업,Movement That Inspires,"1944년 12월 21에 경성정공으로 설립되었으며 1960년대부터 삼륜 트럭을 생산하였다. 이후, 경기도 시흥에 연 25,000대 생산규모의 자동차 공장을 국내 최초로 1973년 6월에 완공하였다. 1974년 일본 마쓰다와의 기술제휴를 통하여 국내에서 최초로 제작된 자동차인 브리샤를 생산했다. 1976년 아시아자동차공업과 기아기공을 인수하였고 1980년 시행된 자동차 공업 합리화 조치로 승용차를 생산할 수 없게 되자 봉고를 히트시키며 성장을 지속하였다. 이후 합리화조치 해제 후 출시한 여러 모델에서 성공을 거두었으나, 공격적인 투자에 따른 대규모 부채와 IMF의 여파로 법정관리에 들어가게 되었고 국제 입찰 끝에 현대그룹에 인수되었다. 본사는 서울 서초구에 소재하며 연구소는 용인시에, 국내 공장은 광명, 화성, 광주에 두고 있다. 2005년 피터 슈라이어를 영입하여 일명 호랑이그릴로 알려진 타이거노즈 패밀리룩을 완성하였으며 이후 출시한 스포티지R과 K시리즈 성공으로 2011년 수출 1,000만대를 돌파했다. 2014년 글로벌 판매대수는 290만대를 기록하여 글로벌 자동차 제조사 중 10위, 판매 증가율은 5위를 기록하였다. 2021년 1월 변경된 신규 로고는 균형 (Symmetry)과 리듬(Rhythm), 그리고 상승(Rising)의 세 가지 디자인 컨셉으로 개발됐다.",https://i.namu.wiki/s/5a194f86f6c766dbf79c368664abd812fd677849f1c25d9f805e05748ca4e6c3b130d347a9ad8679b83a0832650c3f34f1287bf3c89ff487e5ea3599cabbb37a16fa4ece9ea8756d415bcff11f7fc95f79b0b71b67af68b4f137bc35a0316c1e
3,제네시스,서울특별시 서초구 양재동,현대자동차그룹,2015-11-04,정의선,장재훈,고급 승용차 제조업,Human-Centered Luxury,"2015년 11월 4일 출범한 현대자동차의 고급 자동차 브랜드이며, 현대자동차그룹에서 분리한 산하의 브랜드이자 한국 최초의 고급 자동차 브랜드이다. 제네시스의 명칭은 성능, 디자인 등 모든 면에서 진보와 혁신을 지속해 브랜드의 신기원을 열겠다는 의미를 지니고 있다. 제네시스는 브랜드만의 새로운 차명 체계에 따라, 브랜드를 상징하는 알파벳 ‘G’와 차급 등을 종합적으로 고려한 ‘숫자’가 조합된 방식을 활용하고 있다. 초대형 럭셔리 세단 'EQ900'은 국내시장에 한하여 사용되는 차명이며, 해외에서는 'G90'으로 출시되고 있다.제네시스는 현재까지 'EQ900(G90)', 'G80', 'G70'을 출시했으며, 오는 2020년까지 대형 럭셔리 SUV, 고급 스포츠형 쿠페, 중형 럭셔리 SUV 등을 공개할 계획으로 알려졌다.",https://preview.thenewsmarket.com/Previews/GNUS/StillAssets/960x540/470091_v5.jpg
4,쉐보레,인천광역시 부평구 청천동,한국GM,1955-02-01,"김창원, 김제원",로베르토 렘펠,자동차 제조업,BE CHEVY,"미국의 GM그룹의 브랜드인 쉐보레는 1911년 설립되었으며 승용차와 중형트럭 시장에서 20개 이상의 모델을 판매 중이다. 한국GM의 시초는 신진자동차로 1955년 김창원, 김제원 형제에 의해 설립되었다. 신진자동차는 처음에 미군의 차량을 개조해 판매하는 사업을 영위하였으며 1965년 새나라자동차의 부평공장을 인수하였다. 1971년 GM의 투자를 받아 GM코리아가 되었으나 1973년 오일쇼크로 인하여 GM이 산업은행에 매각하며 새한자동차가 사명이 변경되었다가 다시 대우가 인수함으로써 대우자동차가 되었다. 쌍용차 인수 등 급격한 시세 확장을 하던 상황에서 경제상황 악화에 따라 그룹이 해체되었고 2002년 GM에 다시 매각되었다. 2011년 브랜드를 쉐보레로 변경하였고 3월에 한국GM으로 사명을 변경하였다. 현재, GM내에서 경차와 소형 승용차를 개발, 생산하는 임무를 맡고 있다. 인천에 본사 및 연구소를 두고 있으며 부평, 군산, 창원, 보령의 4개의 사업장에서 연간 92만대의 완성차와 140만대의 엔진 및 변속기 생산능력을 갖추고 있다. 대표 차종으로는 스파크, 크루즈, 트랙스, 카마로 등이 있다. 한국 GM의 브랜드인 쉐보레의 독특한 심볼에는 몇 가지의 설이 있다. 창업자인 듀란트가 프랑스 호텔 벽지 디자인을 보고 영감을 받아 만들었다는 설, 듀란트가 창작해냈다는 설, 신문에 실린 석탄회사 제품 광고를 보고 이에 착안하여 만들었다는 설 등이 있다.",https://i.namu.wiki/s/643941ce67c1c8a504e4ae200b87fd4b261b41ac0e8258b8f08d6d7fbb58e86a88cebefa34f053fade1d3a6f59ae2284d68494b5022a312b965d62ac8cfc6ae81827a2a083dc8f6949a418839b18c5885096a673470ee8300d17f4704b83c57d
5,르노코리아,부산광역시 강서구 신호동,르노-닛산-미쓰비시 얼라이언스,2000-09-01,이건희,스테판 드블레즈,"자동차, 동 부분품 제조, 판매업",Inventive & Passionate,"르노삼성자동차는 네덜란드 법인이며 르노그룹 BV와 삼성카드가 2000년 7월 3일에 체결한 합작투자계약에 의거, 2000년 7월 14일에 설립되었고 당해 9월 1일 삼성자동차를 인수하였다. 2014년 말 기준으로 르노그룹 BV가 80.1%, 삼성카드가 19.9%의 지분을 보유하고 있다. 르노삼성자동차의 공장은 부산시 강서구에 있고, 본사는 서울시 금천구에 그리고 중앙연구소는 경기도 용인시에 위치하고 있다. 년 30만대의 생산능력을 가지고 있으며 승용차(SM3, SM5 ,SM7)와 SUV(QM3, QM5)를 생산하고 있다. 2000년에 SM5가 올해의 차로 선정되었으며, 2002년에 준중형 세단 SM3, 2004년 대형 세단 SM7을 출시하여 승용차 라인업을 완성시켰다. 2007년 12월에는 QM5를 2013년 3월에 QM3 출시하였으며 14년 기준 국내에서 약 5%의 시장점유율을 기록하고 있다. 르노삼성자동차의 심볼은 태풍의 눈을 형상화한 것으로 차별화된 자동차를 만들겠다는 역동성과 고객중심의 경영 방침을 실행하겠다는 신뢰성의 의미를 갖고 있다.",https://i.namu.wiki/s/d6cde366524422c560e6cb299a722cfd65de50e74473499cf67d004a567fddf70ac4afa79a104f8c92bba466028e8a9bd7c91f864a66716a3d0c2609d213be92f3b86a13dfc41d644de3d74b5d18bdc27fbc450f3a9448cdbe2ba65696672641
6,쌍용자동차,경기도 평택시 칠괴동,KG그룹,1962-12-06,하동환,"곽재선, 정용원",자동차 제조업,Road to Adventure,"1962년 12월 6일 법인설립한 하동환자동차공업이 모태인 업체로, 회사 초기에는 버스생산에 주력하였다. 1967년에 베트남과 부르나이에 국내 최초로 대형버스를 수출하기도 하였다. 1977년에 사명을 동아자동차로 변경하고 1979년에 평택공장을 건설하였다. 1984년, 당시 코란도를 생산, 판매하던 거화(구: 신진지프자동차)를 인수하였고 코란도의 국내판매 호조 및 일본으로 수출 등의 실적을 기록하며 성장하였다. 그러나 국한된 사업영역(지프, 버스 등)을 누렸던 동아자동차는 재벌그룹의 계열사인 현대, 대우 및 봉고신화의 기아차에 점차 밀리며 1986년 11월, 쌍용그룹에 매각되었고 사명을 쌍용자동차로 변경하였다. 이후, 무쏘, 신형 코란도, 체어맨 등을 출시하며 판매량이 증가하였으나 과도한 투자와 1997년의 경제위기가 맞물리며 심각한 경영난에 빠지게 되었고 1998년 대우자동차에 인수되었다. 피인수 후 얼마 지나지 않아 대우그룹도 해체되었고 그 후, 독자경영 체제 및 상하이자동차 산하를 거쳐 2011년 인도의 마힌드라에 매각되었다. 본사는 평택에 소재하며 평택과 창원에 공장을 보유하고 있다. 쌍용자동차의 심볼인 세 개의 원은 인간과 자연과 기술의 조화로 최고의 가치를 추구한다는 의지를 표현한 것이다.",https://i.namu.wiki/s/df1731c93a1eeb2040be4b2f39ee228ac657228ad78393c0436e6b67a949c1ebfd0cf025c1ffddf6a77ad8a3f8e3bcf2f0e4f12924201ad19115c1e7e85918f4f1c3bbb507f53a13569ba02f274c3c6ca33af0e0fb072f95f68e485eb76eeb23
7,대창모터스,충청북도 진천군 이월면,,2010-01-25,오충기,오충기,"개인 이동수단, 2차전지 연구개발 및 생산",,,https://i.namu.wiki/s/739291d7fe08b3a613232087df1918b70176aebc5c98f044d0be5275fac1f6ff51d4b6d15b0c34b100d1ddf51051931d4ee4aeaea94948e4f7d8e17a3f20113edb351026134d104872672177e0918f8be20dacc8f2c2cf3eb17f82b6566b3ebc
8,마이브,경기도 안양시 동안구 호계3동,,2020-01-01,김종배,김종배,"전기차, 충전기 등 하드웨어 플랫폼 제조 및 생산",,,https://i.namu.wiki/s/739291d7fe08b3a613232087df1918b70176aebc5c98f044d0be5275fac1f6ff51d4b6d15b0c34b100d1ddf51051931d4ee4aeaea94948e4f7d8e17a3f20113edb351026134d104872672177e0918f8be20dacc8f2c2cf3eb17f82b6566b3ebc
9,디피코,강원도 횡성군 우천면,,1998-07-01,송신근,송신근,승용차 및 기타 여객용 자동차 제조업,Dream Partner for ECO mobility,"1998년 7월에 설립된 자동차개발 회사로서, 대기업 자동차 회사로부터 자동차개발부문(디자인, 제품설계, 시작차 제작, 실험평가 등)에 대한 통합 엔지니어링 서비스 및 자동차 생산 라인자동화, 스마트 공장 개발을 주요 사업으로 하는 회사이다. 이런 역량을 바탕으로 2017년부터 전기자동차를 개발하고 제작, 판매하여 변화하는 기업이다. 중국산 차대가 범람하는 국내 초소형 전기차 시장에서 거의 유일하게 자체개발 차대를 이용하는 업체이다.",https://i.namu.wiki/s/5ad7d48edc696704668b8f92fba7c75672cf2bedd3fea504a3b541326210f11b209c234cc905e378406a30d666667a9f132cf53cb3ad6e60d6d4e8a2f5298928825e19daead8f2ee10d3ce2b0f9bb643713c954d4925cbb1fdc4429f8673bbaf17e45e83fcf7571835c9b0c6c4e6766e
10,에디슨모터스,경상남도 함양군 수동면,에너지솔루션즈,1997-02-01,,이정익,승용차 및 기타 여객용 자동차 제조업,사람과 환경을 위한 푸른약속,,https://i.namu.wiki/s/a846231ad06ec232c9d66aa136fa489b6207c46ca513e3bb825ff47830aca5d89c5d4967ed87e789054bccc6ef580ea21ed7d394fa88e07ecd937b895a44140f27eba85547b24ab70ad0ba23ca7cfb2d52ccae7b019e3bb2ffdc6ec294b7364a
11,쎄보모빌리티,전라남도 영광군 대마면,캠시스,2021-04-02,박영태,박영태,"화물자동차, 특수목적용 자동차 제조업",,,https://i.namu.wiki/s/c88797af40eaf2c3f4c2ba72dc0b0ed861ede20f89ad9ad35996adc1696338c00159a6416bdcf5e48582f10ec8a1d9af19ba20e84294a92d3a428be8247e8c70a6bb2863e8f1076428020775c7be1373c6b5bfc7518edeef739bad773f75325c
12,타타대우상용차,전라북도 군산시 소룡동,타타자동차,2002-11-01,최봉호,김방신,화물차량 및 특수목적차량 제조업,"인생 트럭, 고객의 마음을 움직입니다",,https://i.namu.wiki/s/39642167b6cacea9dc4cfa3771726afc07332434a2afe0b8c9705979b297cffe40e95ba75ba5ebadebaffe8384028b2a0f3d162463db490afdb208830b7f5ae623ae3101c95434e5970337ad4a0a1c974b916b1e04b5ea524c23724e0f4caadb
13,마스타전기차,서울특별시 서초구 반포동,마스타자동차관리,2018-11-01,"장은석, 주영진","장은석, 주영진",전기차량 제조 및 판매업,,,https://i.namu.wiki/s/4817e1ff09eca4bc3104496afff485a008a4cdc5356b82097a6c9330d72ce5aa729cf57db59613516e0f4c9a1b097036dd2ca2e9567866257d1df12d199ade41f0a8a7e2a9518005c29b2d83ce5187c728953729cc9101cb45e5e07b4dd082d3
14,비바모빌리티,대구광역시 북구 산격4동,,2018-01-03,이철상,이철상,"차량 제조, 전기차 소프트웨어 공급",,,https://i.namu.wiki/s/035ecbe56bd47eb18c425bb7b05de936fa7dcb1f8ed96f38551773ee56c72a3e253cb3d6ac48dd4d3457961763ff19c8bdabe178b5ef14b53e5fb2952518c226bc7128183d7db2c308ee9b70a7038b9fae906048a2bbe6dad2d8ea3df32f67fb
15,이비온,경기도 파주시 파주읍,,2016-09-23,김태혁,김태혁,자동차 제조업,,,https://i.namu.wiki/s/d7cff7a85dba22384f63f1edd2bd7028dc6f187c8faa93e766618c36bfebd80feb32172a274bc692536a1db38d652417009f34a335dab982f6d1d1d9d499ace9f2c57465697b21533573216064f42cfdadc3c3cf4085e9d8d267be850de56954e69359d1b438dd94dae2de1a3aa3f5cd
16,메르세데스-벤츠,독일 바덴뷔르템베르크주 슈투트가르트,메르세데스-벤츠 그룹,1926-06-28,"카를 벤츠, 고틀리프 다임러",올라 샬레니우스,자동차 제조업,The Best or Nothing,"1883년 10월 칼 벤츠가 설립한 Benz&Cie와 1890년 고틀리프 다임러가 설립한 DMG(Daimer Motren Gesellschaft)가 1926년 Daimer- Benz AG로 합병하면서 출시한 브랜드이다. 1902년 오스트리아 사업가인 에밀 옐리넥이 DMG의 차를 36대 구입하며 다임러에게 유럽 일부와 미국의 독점 영업권을 부여하고, 차에 자신의 딸 이름을 써달라는 요청을 하였다. 다임러가 제안을 받아들여 출시된 모델이 ‘메르세데스’다. 메르세데스 모델은 큰 인기를 누렸고 이후 모든 DMG 모델에 메르세데스라는 이름을 붙여 브랜드로 사용해왔다. 두 회사의 합병 이후, 생산된 모든 모델에는 메르세데스-벤츠라는 이름이 붙여지며 브랜드화 되었고, 엠블럼은 DMG가 사용해 온 세 꼭지의 별을 벤츠의 월계관 로고가 둘러싸는 형태로 결정되었다.

1928년 합병 후, 첫번째 스포츠카인 메르세데스-벤츠 SSK를 출시하였고, 1936년에는 디젤 엔진이 장착된 최초의 차 메르세데스-벤츠 260D를 세상에 선보였다. 제2차 세계대전 종료 후, 자동차 생산이 재개되면서 메르세데스-벤츠는 상용차 제작에 집중하는 한편, 화려한 스포츠카를 생산하기 시작하였다. 이때에 등장한 모델이 SL시리즈의 기원인 메르세데스-벤츠 300SL과 대표적인 상용차 메르세데스-벤츠 유니목이다. E-Class의 시초인 W120(1953년)과 S-Class의 전신인 W180(1954년) 모델도 이 당시에 출시되었다. 1958년에는 현재 AUDI의 전신인 Auto Union을 인수하기도 했으나 6년만인 1964년에 폭스바겐에 매각하였다. 1960년대에는 메르세데스-벤츠의 상징이 된 라디에이터 그릴을 적용한 모델을 출시하기 시작했으며, 1970년대에는 엔진 배기량에 따라 모델명에 숫자를 명명하기 시작하였다. 1982년 C-Class의 원형인 메르세데스-벤츠 190을 출시하였고 85년에는 중형차 W124를 발매하며 중소형 고급차 시장에 진입하였다.

1990년대초, 승용차 부문에서 BMW에 추월 당하는 등 여러 악재에 묶여 적자를 기록하는 위기를 겪게 되었다. 증자와 대규모 인원정리, 구조합리화 등을 통해 위기를 벗어난 후 벤츠는 고급차 전략을 탈피하고 소형차, RV 등으로 생산 범위를 확대, 풀 라인업을 갖추는 전략으로 변경하였다. 다임러-벤츠 AG는 1998년에는 Chrysler, Dodge, Jeep 등을 소유한 크라이슬러 코퍼레이션을 인수하며 다임러-크라이슬러로 사명이 변경되었다가 2007년 크라이슬러를 사모펀드 서버러스에 매각하고 지금의 다임러AG가 되었다.

현재 메르세데스-벤츠는 소형차 A클래스와 C, E, S클래스로 이어지는 중·대형 세단 및 스포츠카, RV 등을 생산하고 있다. 메르세데스-벤츠의 엠블럼은 DMG와 벤츠의 합병으로 결정되었고, 이후 복잡해 보이는 요소를 치우고 지금의 단순한 원과 세 꼭지 별만 남게 되었다.",https://i.namu.wiki/s/09357c6b677aa8f58a55b69c4183f522d200917de6abd6113cd7645cd816b42b1006afbfcacbb87f8209cf47a40290896d174b66e958f0f17982c39bddc7c63b8a9cc618daae9f0887339c778d7ff4db8d2e882ed74fc7c5c47edf2555f31532
17,BMW,독일 바이에른주 뮌헨,BMW 그룹,1916-03-07,"카를 라프, 프란츠 요제프",올리버 칩세,"자동차, 오토바이, 자전거 제조업",Sheer Driving Pleasure,"1916년 프란츠 요세프 포프가 독일 공군에 엔진을 납품하던 업체인 Rapp Motoren Werke GmbH 인수하였고 1917년에 Bayerische Motoren Werke로 사명을 변경했으며 현재도 사용되고 있는 BMW 트레이드마크를 등록하였다. 이때부터 약자로 BMW로 불리게 되었다. 1918년 독일이 1차대전에서 패전하고 베르사이유 조약에 따라 항공기 엔진 생산을 금지당한 BMW는 1923년부터 모터사이클을 제조하기 시작했고 1928년 Austin Motor의 Austin7을 베이스로 한 Dixi 자동차를 생산하며 사업영역을 확장하였다.

1932년 BMW는 Austin Motor과 제휴를 해지하고 자체 디자인 차량을 개발하기 시작했으며 다음해인 1933년에 BMW 303 모델을 출시하였다. BMW 303 모델에는 지금도 BMW를 대표하는 ‘프로펠러 엠블럼’과 ‘키드니 그릴’이 처음으로 적용되었다. 2차 세계대전 이후 연합국에 의해 3년간 생산 금지 명령을 받았으며, 피폐해진 독일 경제, 높은 자동차 가격으로 1959년 파산위기에 빠지기도 했다. 인수합병의 위기에서 BMW의 주주 중 한 사람이었던 헤르베르트 콴트의 주식매입으로 독립회사로 존속할 수 있었다.

1960년대 중형시장으로 진출하여 BMW 1500, BMW 1800 모델의 큰 성공을 거두었다. 이후 프리미엄 라인인 BMW 2000C, BMW 2000CS과 저가 모델인 BMW 1600-2를 출시하여 연이은 성공을 기록하였다. 1972년 등장한 BMW 520은 지금까지도 이어지고 있는 BMW 5시리즈의 모태가 되었다. 1974년 석유파동 이후 연료 효율성을 강조한 BMW 3시리즈를 출시하였고, 1977년 벤츠의 S클래스에 대항 모델인 7시리즈를 출시하였다. 1980년대부터 1990년대까지 꾸준한 연구개발을 통해 세대교체를 진행했다. 1994년 MiNI, Rand-Rover, Jaguar 등의 브랜드를 보유한 Rover Group을, 1998년에는 Rolls-Royce를 인수한 후, 2000년 Rand-Rover를 포드사에, MINI를 제외한 나머지 Rover Group을 피닉스 컨소시엄에 매각하여 지금의 브랜드 라인업(BMW, MINI, Rolls-Royce)을 갖추었다.

현재, Mercedes-Benz, Audi와 함께 독일의 3대 자동차 브랜드로 통한다. BMW의 로고는 초대 사장인 요세프 포프가 디자인 한 것으로 로고의 유래에 대하여 두 가지의 설이 있다. 첫째는 회전하는 비행기 프로펠러에서 유래되었다는 설이고, 둘째는 바이에른 주 정부의 깃발 컬러에서 따왔다는 설이다.",https://upload.wikimedia.org/wikipedia/commons/thumb/f/f4/BMW_logo_%28gray%29.svg/600px-BMW_logo_%28gray%29.svg.png?20210211152514
18,아우디,독일 바이에른주 오버바이에른현 잉골슈타트,폭스바겐 그룹,1899-11-14,아우구스트 호르히,마르쿠스 뒤스만,자동차 제조업,Progress Never Stops,"1909년 7월 16일 아우구스트 호르히가 설립한 아우디(Audi Automobilwerke GmbH)가 회사의 전신이다. 1930년대 초, 경제대공황 시절, 미국 자동차 업체는 미국의 경기 침체를 벗어나기 위하여 유럽시장을 적극적으로 공략하고 있었고, 독일의 자동차 업체들은 1차 세계대전 이후 계속된 독일의 경제 불황으로 큰 위기에 빠져 있었다. 1932년 작센 행정당국의 계속된 압력과 불황 타계의 대책으로 아우디는 작센지역의 다른 군소 메이커인 호르히(A. Horch & Cie), 반더러(Wanderer), 데카베(Dampf-Kraft-Wagen)와 함께 아우토 우니온(Auto Union AG)이란 합병회사를 출범시켰다. 이 합병회사의 명칭이 아우디로 변경된 것은 그로부터 50여년이 지난 1985년이다.

회사의 창립자인 아우구스트 호르히는 1901년, 자신의 이름을 딴 ‘호르히’를 설립하였으나 다른 경영진들과의 마찰로 쫓겨나고 두번째 회사를 설립하게 된다. 이 당시 두번째로 설립한 회사명도 ‘호르히’였으나 상표법 위반으로 고소당하였고 법정 밖 합의로 ‘호르히’라는 사명을 쓰지 않기로 한다. 이에 그는 독일어로 ‘듣다’라는 뜻을 가진 ‘호르히’를 대신하여 동일한 뜻을 가진 라틴어 ‘아우디’로 사명을 변경하게 되었다. 1920년 아우구스트 호르히는 아우디를 떠났고, 아우디는 1928년 데카베의 설립자이자 소유주은 요르겐 라르무센에게 인수되었다. 이후, 아우디 주도하에 9개월간의 협의를 거쳐 4개 업체가 합병되었으며, 합병 이후에도 각자의 이름과 엠블럼을 사용하여 자동차를 제작하였다. 데카베는 전륜 구동 방식의 소형차에 강점이, 반더러는 중형차 부문에서, 호르히는 고급 대형 세단에서 강세를 나타내었으며, 아우디는 기술적 지원을 하여 모든 라인업을 갖춘 자동차 메이커로 BMW, 다임러 벤츠, 오펠 등과 어깨를 나란히 할 수 있었다. 아우디의 엠블럼인 오륜기를 닮은 4개의 원은 단순하게 4개의 회사를 뜻하는데, 이는 한동안 경주용 자동차에만 사용하였다.

제2차 세계 대전이 발발한 후, 연합군의 공세로 아우토 유니온의 공장은 대부분 파손되었으며, 분단 이후 공장지역은 동독의 영토가 되면서 회사는 잉골슈타트로 이전하였고, 1949년부터는 뒤셀도르프에 공장을 재건하고 정식으로 아우토 우니온의 재설립을 선언하였다. 1949년 오토바이 생산을 바탕으로 1954년에 독일 최초의 자동클러치를 개발하고 1956년 4륜구동 자동차 ‘뭉가’를 출시하는 등 재기하는 듯 보였으나, 빈약한 자본과 규모의 경제에 밀리며 1958년 다임러-벤츠가 아우토 우니온의 지분 87%를 인수하였고 이듬해, 100%를 인수하며 아우토 우니온은 다임러-벤츠의 자회사가 되었다. 1964년 다임러-벤츠로부터 폭스바겐이 아우토 우니온의 상표권과 사업권을 50% 인수하였으며, 1966년 완전히 아우토 우니온을 인수하여 1969년 인수한 NSU사와 합병시킴으로써 현재의 아우디((Audi NSU Auto Union AG)가 탄생하였다.

자동차 시장에서 2행정 엔진보다 4행정 엔진으로 선호도가 변화되면서 폭스바겐은 데카베 브랜드를 대신하여 아우디 브랜드를 전면에 내세우고 1968년 아우디 100(A6의 전신)을 출시하였다. 이후, 1972년 아우디 80/폭스, 1974년 아우디 50을 출시하였다. 1980년 제네바 모터쇼에서는 4륜 구동 아우디 콰트로(Audi Quattro)를 선보였다. 이전까지 4륜 구동은 속도보다는 힘이 필요한 모델에만 적합한 것으로 인식되었으나 아우디는 기존의 상식을 뒤집었다. 1994년에 아우디는 전 라인업에 걸쳐 모델 네이밍 변경을 시도하여, 아우디 80은 A4, 아우디 100은 A6, V8은 A8로 모델명을 변경하였고, 1996년에는 A3를 라인업에 추가하였다. 1998년 피터 슈라이어가 디자인을 주도한 아우디TT를 출시하며 디자인 측면에서도 호평을 받기 시작하였다. 이후 2003년 새로운 A4와 2004년 A6을 발표하면서 비평가들로부터 큰 인기를 끌었고 2008년 A3, A4, Q5, TTS, A6 시리즈의 페이스리프트 등의 새로운 모델들을 내세워 라인업을 구축하고 목표였던 100만 대 판매량 도달과 동시에 독일에서 경쟁사인 벤츠와 BMW보다도 많은 판매량을 보였다.

현재, A라인, S라인, Q라인, RS라인, R라인 등의 모델에 1,3,5,7 등의 숫자를 붙여 모델을 출시하고 있다. 폭스바겐 그룹이 전체 지분의 99%를 소유하고 있으며 자회사로는 콰트로 GmbH와 슈퍼카 제조업체 람보르기니가 있다.",https://i.namu.wiki/s/55b61b8fdc3f9b9b078b0cda33652e2fadf4957320e258130ecc49317b27e44599f0c7ca7268a40f3473779ac7b2ee852af3baf8de7c9e536914b92db37328d8e33edd21ff1cb5d82d2c35e16665b1d7c986bf49c7733bafbd1423ae61d33851
19,폭스바겐,독일 니더작센주 볼프스부르크,폭스바겐 그룹,1937-05-28,페르디난트 포르셰,올리버 블루메,자동차 제조업,Volkswagen. Das Auto.,"독일이 나치당 손아귀에 넘어간 후, 1934년 6월, 아돌프 히틀러가 포르쉐의 설립자 페르디난트 포르쉐에게 국민차 개발을 지시하면서 시작된 프로젝트에 따라 1937년 5월, 베를린에서 독일노동전선(German Labour Front)에 의해 설립된 회사로, 1938년 9월 폭스바겐(Volkswagenwerk GmbH)으로 사명을 변경하였다.

당시, 히틀러의 국민차 프로젝트의 요구 조건은 성인 2명과 어린이 3명을 태우고 100km/h로 달릴 수 있으며, 일천 마르크로 구매가 가능한 자동차를 개발하는 것이었다. 페르디난트 포르쉐는 체코슬로바키아 타트라사의 T97 모델을 도용 - 실제, 타트라사는 Kdf-wagen이 발표된 후, 폭스바겐을 상대로 손해배상 청구 소송을 진행하였으나, 1938년 독일이 체코슬로바키아를 점령하면서 소송이 중단되었고, T97의 생산이 중단되었다. - 하여 Kdf-Wagen의 프로토타입을 개발하였다. Kdf는 히틀러가 명명한 것으로 Kraft der Freude의 머리글자로 ‘즐거움의 힘’이란 뜻을 가지고 있다. 이 프로토타입이 도로를 운행하고 있을 즈음, 대중들은 이 차를 ‘비틀’이라고 불렀다. 모델 공개 후, 33만대가 예약되는 등 인기를 얻었으나, 1939년 제2차 세계대전이 터지면서 양산되지는 못했다.

제2차 세계대전 동안 폭스바겐은 군수공장으로 전환하여 퀴벨바겐과 슈빔바겐 등을 생산했다. 1945년 독일의 패전 이후, 영국군 소령 이반 허스트와 대령 레드클리프의 도움으로 영국군에 보급할 자동차를 생산 할 수 있었다. 영국 군정은 폭스바겐을 영국, 미국 등의 자동차 업체들에게 인수시키려 했으나 여의치 않았고 ? 실제, 포드사에게 비용없이 폭스바겐을 인수하라고 제안하지만, 헨리포드2세는 이를 거절하였다. ? 미국의 독일 응징 정책이 후버대통령에 의하여 서독 경제를 부흥시키는 방향으로 선회하게 되면서 폭스바겐은 독일 재건의 중요한 축으로 부상하게 되었다.

라인리히 노르토프가 1948년 사장에 취임하게 된 후, 그는 비틀의 디자인과 설계 원형은 유지하면서 품질향상에 주력하였고, 노동자들을 위한 정책을 펼쳤다. 1949년 폭스바겐의 비틀이 미국 시장에 진출하였으나 실제 딜러를 통해 매매가 이루어진 대수는 2대에 불과했다. 그러나 독일에 주둔했던 미군들이 이 차를 갖고 귀국해 ‘비틀’이라는 애칭을 붙여주기 시작하고, 공격적인 판매정책을 펼치자 시장의 반응은 폭발적으로 나타났다. 1955년에만 100만대가 판매되었으며 1972년 2월에는 포드 모델 T가 가지고 있던 단일 모델 최다판매 기록을 갱신하였다. 비틀의 판매호조에 힘을 얻은 폭스바겐은 1964년 아우토 우니온(현 아우디)을 다임러-벤츠로부터 인수하였다.

1961년 생산라인을 확장하면서 type-3(카르만 기아, 너치백, 패스트백 등) 모델을 런칭하였고 1969년에는 type-4를 출시하였다. 1973년 비틀의 판매량이 감소하기 시작했지만, type-3 모델과 type-4형 모델도 극도로 저조한 실적을 나타내며 위기에 내몰리게 되었다. 이때, 전륜구동식과 수냉식 엔진에 높은 기술력을 보유한 자회사 아우토 우니온의 도움으로 새로운 세대의 폭스바겐 모델라인업을 갖추기 시작하였다. 1973년 아우디 80/폭스를 기반으로 한 파사트, 1974년 시로코, 골프, 1975년 아우토 우니온의 아우디50을 기반으로 폴로, 1979년 제타 등 ‘다양한 차종을 양산하는 전략’과 ‘유럽시장의 판매량 1위’를 위해 집중하는 전략을 내세웠다.

유럽에서 단단한 기반을 다진 것과는 반대로 미국 시장에서는 일본차와의 경쟁에서 밀리며 매출이 급감하게 되었는데, 1983년 골프 2세대가 출시되며 재차 반등하는데 성공하게 되었다. 1982년 폭스바겐은 스페인의 세아트, 1990년 체코의 스코다를 인수하면서 ‘멀티 브랜드 전략’을 도입하기 시작했다. 1998년 부가티와 람보르기니, 벤틀리를 손에 넣었다. 2008년 폭스바겐을 인수하려는 시도를 펼친 포르쉐가 지분을 51% 확보하며 인수가 성사하는 상황까지 갔으나 글로벌 금융위기 발생에 따른 포르쉐의 대출문제가 발생하게 되었고 2009년 역으로 폭스바겐이 포르쉐를 인수하였다.

폭스바겐이라는 브랜드 이름 자체가 독일어로 ‘국민차’라는 뜻이며 폭스바겐의 앰블럼은 사내 직원들의 공모를 통하여 선정되었는데, 비틀의 엔지니어였던 프란츠 라임스피스가 제안한 W자 위에 V자가 얹혀진 단순하고 논리적으로 보이는 로고가 채택된 것이다.",https://i.namu.wiki/s/b28d02dba23c726605905e1d1d0c409f6d76133e546639d95af11119521301b1bd27af21ea35c0dc58f7c39ce243b16bfcdfe56a971567db3b4680a05f76750aaa2e47bb76b384e1cd27feb7475b6f08c36b68860640c5fae8f8111e7453579f
20,포르쉐,독일 바덴뷔르템베르크 주 슈투트가르트,폭스바겐 그룹,1931-01-01,페르디난트 포르셰,올리버 블루메,자동차 제조업,There is no Substitute,"포르쉐는 슈퍼카를 양산할 수 있는 독일의 고급 스포츠카 제조 업체이며 폭스바겐 AG의 계열사이다. 페르디난트 포르쉐는 1899년 ‘야콥 로너’에 입사하여, 2년만에 수석엔지니어가 되었고, 1900년 파리 만국박람회에 세계 최초의 하이브리드 자동차인 로너-포르쉐를 공개했다. 1906년 다임러사의 자회사 오스트로-다임러에 입사하여 ‘프란츠 하인리히’ (Prinz Heinrich)를 제작했으며 1912년 개발한 공랭식 수평대향 4기통 엔진은 포르쉐와 폭스바겐 엔진의 시초이다. 1923년 다임러-벤츠로 자리를 옮겨 S, SS, SSK, SSKL 등의 모델을 제작하였다.

1931년 페르디난트 포르쉐는 아들과 사위 등과 함께 ‘Dr.Ing.h.c.F. Porsche AG’라는 엔지니어링 오피스를 설립했다. 설립초기에는 자사의 자동차를 제작/생산한 것이 아니라, 아우토 우니온, 메르세데스 벤츠 등 브랜드들의 자동자 개발과 자문업무를 수행했다. 1934년, 페르디난트 포르쉐는 아돌프 히틀러의 지시에 따라 국민차 개발 프로젝트에 핵심으로 참여하여 ‘비틀’을 제작했으며 1939년 포르쉐 브랜드 최초의 자동차 포르쉐 type64가 개발되었다. 제2차 세계대전 동안, 페르디난트 포르쉐는 군용차량과 전차를 개발하다가 종전 뒤 전범으로 체포되어 20개월간 수감되었고, 1947년 출소했으나 1951년 사망했다.

페르디난트 포르쉐의 아들 페리 포르쉐는 그의 아버지가 수감되면서부터 회사를 경영하기 시작했고, ‘내가 꿈꾸던 스포츠카를 찾을 수 없었다. 그래서 직접 만들기로 했다.’라는 말을 남기고 스포츠카 제작시장에 진입하였다. 1948년 페리 포르쉐가 설계하고 비틀의 1,131cc 공랭식 수평대향 4기통엔진을 장착한 포르쉐 356이 공개되었는데, 이 차는 이후 17년간 4세대를 거치며 7만 8천대가 생산되었고 이 모델부터 적용된 RR(Rear engine Rear drive system)은 포르쉐의 전통이 되었다. 1963년 푸랑크푸르트 모터쇼에 포르쉐356의 후속 포르쉐901이 공개되었는데, 2ℓ 공랭식 수평대향 6기통 엔진과 2+2의 4인승, 커다란 헤드램프를 장착한 모델이었다. 이때, 세자리 숫자 타이틀 중 가운데 0을 쓸 수 있는 모델은 푸조사가 독점적으로 사용할 수 있었기 때문에 모델명을 변경하게 되었고 이렇게 출시된 모델명이 포르쉐911이다. 포르쉐911은 포르쉐를 대표하는 모델로 7세대에 걸쳐 현재까지도 꾸준한 인기를 모으고 있다. 1974년에는 포르쉐911 터보가 출시되었고, 1977년 제네바 모터쇼에서 911의 대체자로 포르쉐928이 데뷔했으나, 911과 다른 GT카로 변경되었으며 1993년에는 포르쉐 박스터가 컨셉카로 데뷔하여 3년뒤, 출시되었다. 포르쉐 박스터는 성능 논란에도 불구하고 저렴한 가격 많은 판매량을 기록하며 90년대 중반 막대한 연구개발비에 따라 부도 위기에 빠졌던 포르쉐를 수렁에서 건져 올리는데 이바지 했다. 2002년에는 폭스바겐의 투아렉과 아우디 Q7의 설계 공정을 기반으로 한 SUV 포르쉐 카이엔을 공개하였고, 2005년에는 카이맨이 데뷔하였다.

박스터와 카이엔의 성공으로 큰 수익을 획득한 포르쉐는 2005년 10월 폭스바겐의 지분 18.5%를 취득 공시하면서 폭스바겐을 인수하기 위한 시동을 걸었다. 08년 10월에는 42.6%까지 인수하고 31.5%에 대한 콜옵션을 매입하며 ‘골리앗’을 삼키는 듯 했다. 08년 말, 글로벌 금융위기가 발생하며 상황이 반전 되었는데, 포르쉐가 보유한 폭스바겐에 대한 파생상품 손실과 인수과정에서 증가한 부채로 인하여 현금 유동성이 급격하게 악화되었고 독일 정부에 긴급 융자를 요청했으나 거절당했다. 결국, 포르쉐는 폭스바겐에 도움을 요청하였고 2009년 7월 폭스바겐이 포르쉐AG 지분 49.9%를 인수하며 폭스바겐에 역인수되었다. 12년 7월, 폭스바겐은 포르쉐의 나머지 지분을 전부 인수하여 자회사 하였다.

포르쉐의 로고는 처음 세워진 지역의 문장을 사용해 디자인되었는데, 방패 안에 또 다른 방패가 들어 있는 모습이다. 말이 그려진 작은 방패는 슈투트가르트의 문장을 인용한 것이고, 큰 방패는 뷔르템베르크의 문장을 인용했다.",https://i.namu.wiki/s/b8274475cbec500ca566fa9a7777879f12fef13a386e77cc0d672fd18133032ba0c5cce097cfe7564030ea245d0a99a9950e852849a38b73e584a2cc94fbff0e9d915be4b93f82a5b0e5ddd8339b66eda4a1f8094d3d2b8a28df31162ad18834
21,토요타,일본 아이치현 토요타시 ,토요타 그룹,1937-08-28,토요다 아키오,토요다 키이치로,"운송, 장비, 자동차 제조업",START YOUR IMPOSSIBLE,"2014년 글로벌 자동차 판매 대수 1위(1,023만 1,000대) 업체로, 다이하츠공업(경차)과 히노자동차(상용차)등의 모기업이며, 후지중공업(스바루)의 대주주이고, 자동차 제조 외, 금융, 주택, ITS 사업을 영위하고 있다. 1933년 도요다 키이치로가 그의 부친(도요다 사키치)이 설립한 ‘토요타 방직기제작소’ 내에 창설한 자동차 연구소가 기원으로 1937년 ‘토요타 자동차 공업’으로 별도 법인화 되었고, 초대 사장은 사키치의 사위이자 키이치로의 매형인 도요다 리자부가 맡았으며, 부사장은 키이치로였다.

1934년 3월 자동차 시제품 공장을 완성하고 9월 최초의 자동차 엔진 ‘A형 엔진’을 제작했으며, 1936년 A형 엔진을 탑재한 첫번째 자동차 ‘AA’형을 출시했다. 제2차 세계대전 동안 군수용품, 트럭 등을 생산하여 납품했으나 일본의 패배로 전쟁이 막을 내리자 토요타의 경영 상황도 악화되어 1949년에는 2억엔의 자금 부족으로 도산의 위기에 빠지기도 했다. 1950년대 초, 은행단의 긴급 대출에 따라 파산은 피했으나 지속된 경영 악화에 따라 창업자이자, 1941년부터 제2대 사장으로 경영을 이끌었던 키이치로가 퇴임하고, 노동자 해임에 따른 노조 총파업 등의 큰 위기 상황에 직면했으나, 1950년 6월 25일 한국전쟁이 발발하고 미군이 트럭을 토요타에 대량 발주하면서 토요타는 회생할 수 있었다. 전쟁 특수에 경영상황이 안정된 후, 승용차 시장에 진입하여 1955년 크라운, 1957년에는 코로나를 제작하였다. 크라운은 1957년부터 미국에 수출되기도 했는데, 판매량은 극히 미진하였다.

토요타는 1966년 코롤라를 발표하였는데, 엄청난 인기를 누리게 되었다. 이 모델의 큰 성공을 바탕으로 경쟁업체 닛산을 제치고 일본 내 1위 업체로 발돋움 하였으며 글로벌 자동차 메이커로 올라섰다. 11세대까지 출시되며 144개국에서 판매 중인 코롤라는 2013년 7월까지 누적 판매 기준 4,000만대를 돌파하였다. 1970년대 글로벌 석유 파동의 발생 후, 토요타 자동차의 높은 연비와 상대적 저가격, 믿을 만한 내구성에 대한 인식이 증가하며 판매대수가 큰 폭으로 증가하였다. 1980년 캠리를 출시하였고 1982년에는 토요타자동차판매를 흡수합병하여 현재의 토요타자동차가 완성되었다. 미국시장에서 상대적으로, 저렴하다는 브랜드 인식을 돌파하기 위해 프리미엄 브랜드 ‘렉서스’를 1989년 런칭하였고 렉서스LS 모델을 출시하여 성공적으로 시장에 진입했다. 1990년대에는 60년대부터 지분투자 제휴관계를 이어온 다이하츠공업과 히노자동차를 자회사화 했으며, 1997년에는 연비 향상 목적의 하이브리드카 프리우스를 출시하여 상용화에 성공하였다.

승승장구하던 토요타는 2000년대 말 큰 위기를 맞았는데, 2008년 리먼쇼크에 이은 글로벌 금융위기에 자동차 판매량이 급감했고 이에 큰 타격을 받은 토요타는 4,600억엔 적자를 기록하며 58년만에 적자를 기록했다. 설상가상으로, 2009년 렉서스 급발진 사고에 이은 리콜 은폐의혹 및 대규모 리콜사태로 판매 중지와 토요타 브랜드에 대한 심각한 이미지 추락이 발생했다. 또한, 2011년 동일본 대지진과 2010년부터 이어진 높은 엔고에 영향으로 2011년에는 판매 대수 순위가 GM, 폭스바겐에 밀리며 3위로 주저앉았다. 2012년부터 시행된 아베-노믹스의 엔화 약세 정책과 과잉대량생산 체제 개편, 의사결정 구조 간소화, R&D투자 확대 등의 내부 혁신을 통해 사태발생 2년만인 2012년에 글로벌 판매대수 1위를 재탈환하였다.

토요타의 엠블럼은 3개의 타원형으로 디자인되어 있는데, 큰 원안에 자리잡은 2개의 원은 회사와 고객과의 친밀한 관계를 의미함과 동시에 토요타 브랜드의 영문 첫글자인 ‘T’를 상징한다.",https://i.namu.wiki/s/e60f571a0c90f0d76b5b63e1bd549b532143fa22238d5177562081bf52ba87e47417368f059c514063ed90c18ab5e5979ed4946d2d2723013ee2e8a005af2124e83b3378364b4ec940d37d8f5563025b29ae903b3b1fdd7403bb07dd83496169
22,렉서스,일본 아이치현 나고야시,토요타 그룹,1989-01-01,토요다 에이지,사토 코지,고급 승용차 제조업,EXPERIENCE AMAZING,"렉서스는 토요타가 미국 시장의 고급 승용차 시장의 공략을 위해 만든 브랜드 Division이다. 토요타는 상대적으로 가격이 저렴하며 믿을만한 내구성, 높은 연비를 기반으로 ‘효율성’이 강조되던 1970년대 수요와 맞물려 판매대수가 큰 폭으로 증가하였다. 그러나, 중·저가의 소형차 위주의 판매량 증가는 브랜드 가치 상승에 한계가 있다고 판단한 토요타는 새로운 영역을 개척하기로 결정하였다. 1983년 당시 토요타 회장을 맡고 있던 도요다 에이지는 고급 자동차 시장에 진출하기로 결정하고 ‘프로젝트 F-1’의 추진을 시행했다.

토요타는 미국 내에 안정된 유통망을 보유하고 있었으나, 새로 런칭할 브랜드는 이와는 별도의 조직을 통해 유통하기로 결정하였으며, 3년간의 미국시장 소비자 조사, 6년간의 프로젝트의 결과로 1989년 미국 디트로이트 모터쇼에서 브랜드 ‘렉서스’를 런칭하고 LS400과 ES250을 공개했다. 공개 후 한달동안 LS400은 2,919대, ES250은 1,216대가 판매되며 성공적으로 시장에 진입했고, 1990년 42,806대, 1991년 71,206대를 판매하는 등 꾸준히 판매량이 증가했다. 그 결과, 1999년 미국 고급차 시장 점유율 1위를 차지한 후, 2010년까지 11년 연속 1위를 기록하는 등의 기염을 토했다. 1991년에는 스포츠 쿠페 SC400을 출시했으며, 93년 GS300, 96년 LX450, 98년 RX300, 2000년 IS300을 잇따라 내놓으며 고급 자동차 시장에 ‘렉서스’라는 브랜드를 각인시켰다.

2009년 8월, 미국에서 4인 가족이 탄 렉서스 ES350의 급발진 및 제동장치 결함으로 탑승자 전원이 사망하는 사건이 발생하였고, 이 문제를 도화선으로 각종 설계 오류 및 문제가 접수되었으며 리콜조치가 이뤄졌다. 이후, 브랜드 모태인 토요타 리콜 사태로까지 확대되었고, 이로 인하여 브랜드 이미지가 하락하여 2011년 BMW에 미국 고급차 시장 판매 1위를 내주었다. 이후, 엔화 약세와 소비자의 신뢰회복을 위해 노력한 결과, 판매량이 증가하는 추세를 기록하고 있다.

렉서스의 엠블럼은 타원형에 브랜드 영문 첫글자 ‘L’이 들어가 있는 모습인데, 럭셔리함을 상징한다. 렉서스 브랜드명은 라틴어 어원의 ‘법’이라는 뜻을 가진 렉스(Lex)와 럭셔리(Luxury)의 합성어로 ‘럭셔리한 자동차의 기준’을 의미한다.",https://i.namu.wiki/s/754fb9607fb7d2ffb47ba65592d67a3845ebf80724ffdd29d4c46af03f46446ff5cb32eeb6297c9a50ff61905d2953e070daaef3860386c1d1ef0275ddc86a3ffb56e93231b233fb4cdff641a58fab77eaa6f221a1272e01e80266be89a9d5b3
23,닛산,일본 가나가와현 요코하마시,르노-닛산-미쓰비시 얼라이언스,1933-12-26,하시모토 마스지로,우치다 마코토,자동차 제조 및 판매업,"
Innovation that Excites","닛산은 일본어로 ‘일본산업(日本産業)을 줄인 말로 토요타, 혼다와 함께 일본 3대 자동차 제조업체이며, 최대주주는 프랑스의 르노이다. 1911년, 하시모토 마스지로가 일본의 자동차를 만들겠다는 모토로 카이신샤자동차공장을 설립하고 1914년 ‘닷도(DAT)’라는 자동차를 선보였다. 닷도는 공동 창업자인 덴 켄지로(D), 아오야마 로쿠로(A), 타케우치 메이타로(T)의 영문 이니셜을을 차용해 만들었다. 카이신샤는 1925년 닷도 자동차로 사명을 변경하고 본격적인 생산에 나섰으나, 포드와 GM과의 싸움에서 밀리며 경영난에 빠지게 되었다. 1931년 닷도자동차는 결국, 이시가와지마 자동차제작소, 도쿄가스전기와 함께 자동차공업주식회사로 통합되어 아유가와 요시스케 회장의 도바다 그룹에 인수되었다.

1932년, 닷토의 후속 모델인 495cc급 닷도산(Datson : 닷도의 아들)이 출시되었고, 영국의 오스틴7을 베이스로 개발한 4기통 747cc의 닷선(Datsun)을 출시했다. 1933년 요코하마에 실질적인 닛산의 전신인 ‘지도샤 세이조(Jidosha Seizo Co : 자동차제조주식회사)’가 설립됐고, 이듬해 1934년 닛산자동차로 사명을 변경하였다. 닛산으로 사명 변경 후 1936년 출시한 닷선15, 1937년 닷선16을 출시하며 인기를 누렸으며 일본 시장을 석권하고 호주에 수출도 진행되었다. 이후, 트럭분야로 진출하여 닛산 트럭 모델80과 모델180 등을 선보였다. 일본시장에서 GM과 포드와의 판매량 격차를 벌리며 1938년에는 일본시장의 시장점유율을 80%까지 끌어올렸다.

제2차 세계대전 동안 군수물품을 납품했으며, 종전 후, 일본군에 협조했다는 이유로 생산시설의 절반 이상을 미군정이 점령하고 아유가와 회장은 회사에서 쫓겨났다. 여기에 노사분규까지 겹치며 파산위기까지 몰리게 된 닛산은 1952년 영국 BMC그룹의 오스틴사와 기술제휴를 맺고 A40 서머셋과 A50 케임브리지 등을 출시했다. 1958년에는 오스틴사의 모델을 베이스로 개발한 블루버드를 출시했다. 1.2X 55마력의 소형차 블루버드는 출시 1년만에 20만대가 팔리면서 닛산의 재도약의 기틀을 제공했다. 1960년대 세드릭과 서니 등 저가형 모델을 출시하였고 1966년 일본의 프린스 모터를 인수해 스카이라인과 글로리아, 페어레이디 등을 출시했다. 1970년대 에너지 파동의 결과로 서니를 위시한 닛산의 소형차들이 미국 등 주요시장에 기반을 마련했고 70년대 말 미국정부의 수입규제정책을 펼치자 현지 생산을 통해 위기를 극복했다. 1985년에는 닛산 기술의 정점이라는 스포츠카 GT-R을 출시했으며 1989년 미국 시장에서 고급 자동차 시장 공략을 위해 프리미엄 브랜드인 인피니티를 런칭했다.

그러나, 1990년대 들어 일본의 장기불황의 영향과 경쟁업체 토요타에게 밀리며 재정난에 빠졌으며, 1998년 동남아 및 남미 금융위기 등의 시장위기를 극복하지 못하고 1999년 6월 프랑스 자동차제조사인 르노와 지분맞교환을 통해 실질적으로 르노그룹 산하로 들어가게 되었다. (르노의 닛산 지분 보유 : 43.4%, 닛산의 르노 지분 보유 : 15%) 르노의 부사장이었던 카를로스 곤이 대표에 취임하여, 5개 공장을 폐쇄하고 총 직원의 15%를 감원하는 강도 높은 구조조정 조치를 취했으며, 닛산-르노의 플랫폼 및 파워트레인 공유, 공동 구매 조직 구축 등을 통해 닛산은 2001년 3,720억엔 흑자를 기록했다. 2009년 본사를 도쿄에서 현재의 요코하마 니시구로 이전했으며 2014년 한 해 동안 전 세계 시장에서 531만대를 판매하는 등 좋은 실적을 기록하고 있다.

닛산의 엠블럼은 원형을 직사각형이 수평으로 반으로 가르고 있는 형상인데, 직사각형 위쪽과 아래쪽 그리고 직사각형이 각각 하늘과 땅, 지평선을 형상화한 것이다. ‘진심을 다해 의지를 펼치다’라는 의미를 담은 닛산의 브랜드 심볼은 1999년까지 평면형으로 사용되다 2000년부터 입체적으로 빛나는 현재의 모양으로 변경되었다.",https://i.namu.wiki/s/149569ffa128630b3262d388d790c78915258eaf15106d59aed6184627bb7d0abb02395b5ac97c85bd2d65e06dbdfe2c913fc755a35e85d3084a82c4bb88c9f19ce8072458f04e9c508c80a426a25663159174fc7c8b7ae469153ed9675babd6
24,인피니티,일본 가나가와현 요코하마시,르노-닛산-미쓰비시 얼라이언스,1989-11-08,,빌 브루스,고급 승용차 제조업,Accelerating the Future,"인피니티는 일본의 닛산자동차가 미국의 고급 자동차 시장을 공략하기 위해 1989년 출시한 브랜드로 토요타의 렉서스, 혼다의 어큐라와 유사한 포지션이다. 1985년부터 프로젝트를 통해 미국 상류층 시장을 조사한 내용을 바탕으로 1987년 ‘인피니티’라는 프로젝트 명이 붙었다.

인피니티 브랜드를 1989년 11월에 런칭하고 첫 모델인 Q45를 출시했으나, 동급 브랜드 차종과 렉서스에 밀리며 인기를 끌지 못했다. 1990년대에 고성능 쿠페 M30과 G20을 출시했고 M30의 후속 J30, I30, 고급 SUV QX4 등을 출시했으나 시장에서 소비자들의 외면을 받았다. 기존 닛산 차량에 대배기량 엔진과 고급 마감재를 처리한 모델이 대다수였으며, 브랜드 정체성이 없는 디자인 등으로 이렇다 할 반응을 이끌어 내지 못했다.

모회사 닛산의 파산위기를 넘기고 카를로스 곤 대표의 지휘아래, 인피니티도 변화를 맞이하는데 그 변화의 시작은 2003년 출시된 닛산의 스카이라인 기반의 G35 모델이었다. G35는 인피니티 모델 역사상 처음으로 연 10만대 판매를 넘어선 모델이었으며 같은 해 출시한 고성능 크로스오버 FX35, FX45 모델도 연이어 호평을 받았다. 또한, 4.5ℓ V8 엔진을 장착한 플래그쉽 세단 M 모델을 공개하였는데, 1세대 M모델은 컨슈머리포트에서 최고의 럭셔리 세단으로 뽑히는 등 미국시장에서의 부진을 씻는데 큰 역할을 했다. 2004년에는 대형 SUV QX56를 출시했고, 2007년에는 베스트셀링카 G35모델의 변형 모델인 G37을 공개했다.

북미 시장에서의 입지를 바탕으로 2004년 중동, 2005년 한국, 2008년 러시아 등으로 진출하며 글로벌 브랜드로서의 도약을 시작했다. 2012년에 본사를 일본에서 홍콩으로 이전했으며, 2013년부터 모델 명명 체계를 변경하여 세단과 쿠페 모델에는 Q를, SUV 모델에는 QX를 붙이기 시작했다. 새로운 작명법에 따라 G세단의 후속인 Q50을 시작으로 Q60, Q70 등이 출시되었고 RV 부문에서는 QX50, QX60, QX70, QX80 등의 모델이 출시되었다.

인피니티는 영어 ‘infinity’에서 따온 브랜드명으로 무한함, 즉 한계가 없음을 의미하는데 엠블럼 또한 무한대 기호인 ‘∞’을 형상화 한 것으로 타원형 원에 무한히 뻗어가는 도로를 의미한다.",https://i.namu.wiki/s/6c21c9ab37a8390a12982c56f75b9013b0bbb06e43d6de456f5017eb39b9bfb18271eed4bf3ab09203d20ebef19c4905f8833d7b478c958303c86e464cbd2e7459589ac972651e8628d49862f4e7854269e7b3db15dd6ece1e17d04d94f7065f
25,혼다,일본 도쿄도 미나토구,혼다 그룹,1948-09-24,"혼다 소이치로, 후지사와 다케오",미베 도시히로,"자동차, 이륜차 제조업",The Power of Dreams,"포브스 선정 2015 세계 100대 브랜드 순위 중 23위를 기록한 업체로 자동차 업체 중에서는 토요타, BMW에 뒤를 잇는 글로벌 자동차 제조업체이다. 혼다의 창업자인 혼다 소이치로는 10대 시절, 아트상회라는 자동차 정비공장에서 차량 관련 업무를 시작한 후, 1926년 고향 인근에 아트상회 하마마츠 지점을 내고 독립했다. 3년만에 종업원 50명을 거느린 하마마츠 최대의 정비공장으로 성장시킨 후, 1937년 ‘동해정기 중공업’을 설립하여 토요타에 엔진 피스톤 부품을 납풍하였다.

1945년, 제2차 세계대전에서 일본이 패한 후, 소이치로는 동해정기를 토요타에 매각 후, 혼다기술연구소를 설립하였고 군용 발전기를 개조하여 자전거용 보조엔진을 제작하였다. 이를 모태로 하여 1948년 ‘혼다기연공업 주식회사’를 세우고 모터사이클을 제조하기 시작했고 이듬해 전문경영인 후지사와 다케오를 영입했다. 1952년 발표한 자전거용 보조엔진 커브F형의 판매가 호조를 보이는 등의 성공으로 1957년 도쿄 증권거래소에 주식을 상장하였으며, 1959년 미국 시장에 진출하여 아메리칸혼다모터를 설립했다. 다른 업체와는 달리 독자기술로 모터사이클을 제작하면서 성능을 향상시켜 나갔으며, 드림, 벤리, 슈퍼커브 C100 등의 모델들이 연이은 성공을 거두었다. 1959년부터 모터레이싱 대회에도 지속적으로 출전하여 좋은 성적을 거두었고 이를 통해 브랜드 인지도가 크게 높아졌다.

혼다가 자동차 제조 사업에 진출한 것은 1962년으로 다른 브랜드보다 상당히 늦은 시점이었다. 당시 일본 정부에서 신규 자동차 업체에 대한 규제 움직임이 나타나자 혼다는 S360과 S500을 출시하며 시장에 진입하였다. S시리즈는 점차 배기량을 높여 S600과 S800으로 발전했다. 이들 차종은 스포츠카 성향이었고 진정한 대중적인 성격의 차량을 출시한 것은 1966년 N360을 출시하면서부터이다. N360은 출시 후 큰 인기를 끌어 20개월만에 20만대가 판매되었고, 1972년 시빅과 1976년 어코드를 출시하면서 1970년대의 일본 승용차 시장을 주름잡았다. 1.6ℓ 엔진을 장착한 세단형 어코드는 미국 소비자에게 통하였고 1989~1991년 3년 연속 베스트셀링카에 등극하기도 했다. 시빅과 어코드의 성공으로 혼다는 1982년 미국 현지 공장을 건설하고 본격적으로 미국시장에 진출하였다. 1986년에는 어큐라(Acura)라는 고급형 브랜드를 만들고 NSX와 레전드 등의 모델을 출시하여 인기를 끌었다. NSX는 1990년 공개되었는데, 미드쉽 방식의 알루미늄 모노코크 바디와 V6 3.0VTEC 엔진을 장착한 모델로 S500 이후, 혼다의 스포츠카의 계보를 이었다. 1986년부터 항공기 엔진을 연구, 개발하였으며 인공지능 로봇 개발에도 착수하여 2000년 아시모 로봇을 공개했다. RV부문에서는 1995년 미니밴 오디세이와 CR-V를 출시했다.

혼다의 엠블럼은 영문 이니셜 'H'를 이미지화 하여 만들었다.
",https://i.namu.wiki/s/6e47a7f881f2fcf004250bdf79c06b6ed3e91351732e613feda299f9f43a0e9b1a67b984fe956e9818e5fc49fbc21deada56fc5c0b34abc520ddd0ca9d6466f84d00164bc48278c23088c70531a7186348aad7338a2b9c6693074788b906c047
26,캐딜락,미국 미시건주 워런,제너럴 모터스,1902-08-22,헨리 릴랜드,스티브 칼라일,자동차 제조업,Be Iconic,"캐딜락은 현재, 미국 GM 산하의 럭셔리 자동차 디비전이며, 미국에서 뷰익 다음으로 오래된 역사를 보유하고 있는 브랜드이다. 1901년 11월, 헨리 포드와 투자자들이 ‘디트로이트 오토모빌 컴퍼니’를 재편성하여, ‘헨리 포드 컴퍼니’를 설립했다. 헨리 포드가 다른 투자자들과의 분쟁으로 그의 핵심 멤버와 함께 1902년 3월에 회사를 떠났고, 윌리엄 머피와 레뮤얼 보웬은 청산을 진행하기 위해 자산가치를 평가할 사람으로 핸리 릴랜드를 데려왔다. 릴랜드는 그들을 설득하여 그가 개발한 엔진을 사용하여 자동차를 제조하기로 하고 1902년 8월, 회사를 재조직하여 ‘캐딜락 오토모빌 컴퍼니’를 설립하였다. 회사명인 ‘캐딜락’은 1701년 미국 디트로이트(Detroit)시를 개척한 프랑스 탐험가 ‘르쉬외르 앙투안 드라 모스 캐딜락 경의 성을 딴 것이다.

1902년 가변식 밸브 타이밍 1기통 엔진을 장착한 프로토타입을 출시하였고, 1903년 1월 뉴욕 오토쇼에 4인승 차량 ‘모델 A’를 공개했다. 모델 A는 최고속도 48km/h에 이르는 우수한 성능, 부품 호환성 등으로 미국 상류사회에서 인기를 얻었다. 이후, 1905년까지 모델 B, C, D를 출시했고 1905년 ‘릴랜드 팔코너’를 인수하여 사명을 캐딜락 모터 컴퍼니로 변경했다. 1907년에는 250개 부품을 표준화해 부품의 호환을 가능하게 만든 모델 S를 출시했고, 1908년 영국왕립자동차클럽으로부터 자동차 업계의 노벨상이라 불리는 ‘드와 트로피’를 수상했다. 수상과 브랜드 명성이 상승하던 시기인, 1909년에 헨리 릴랜드는 5,600만 달러를 받고 ‘캐딜락을 GM의 대표 브랜드로 성장시킨다’는 조건 하에 윌리엄 듀런트가 대표로 있던 GM에 캐딜락을 매각하였다.

1912년에는 모델 30을 출시하여 두번째 드와 트로피를 수상하게 되었다. 모델 30은 델코사가 개발한 전기식 셀프스타터를 장착하였는데 이는 셀프스타터를 통해 크랭크를 수동으로 작동시켜 시동을 걸어야 했던 불편함을 없앤 기술이다. 1914년에는 70마력의 수냉식 엔진인 V8엔진을 발표하고 1915년부터 V8엔진을 장착한 차량을 대량생산하기 시작했다. 제 1차 세계대전 동안, 항공기 엔진 개발을 원했던 헨리 릴랜드가 윌리엄 듀런트와의 마찰로 GM을 떠나게 되고, GM은 1920년대부터 캐딜락을 고급차 브랜드 라인으로 재정립했다. 1926년 GM은 디자이너 할리 얼을 고용하여 세계 최초로 디자이너를 자동차 개발 과정부터 투입시켰다. 기술력 평준화, 산업경쟁 강도의 강화에 따라 디자인을 내세운 브랜드 이미지의 가치를 공고히 하려는 새로운 시도였고, 터릿탑 등을 개발, 도입하는 등의 디자인부문에서 강세를 보였다. 1920년대 후반, 미국의 경제 대공항이 절정에 달하자, 프리미엄 시장을 타겟으로 한 캐딜락의 판매량은 급감하였다. 이때까지 고소득 백인층에게만 캐딜락을 판매하는 방침을 바꿔 흑인들도 캐딜락을 구매할 수 있게 하였고 1934년 판매량이 70% 증가하는 등 회복세를 나타냈다.

캐딜락은 GM의 하위 브랜드인 뷰익, 올즈모빌과의 간극이 너무 큰 점을 보완, 니어 프리미엄(Near Perineum) 캐딜락을 출시했는데 이 차량이 바로 캐딜락의 주력, 인기 모델이 된 ‘시리즈 60’이었다. 2차세계대전 종료 후, 1948년 시리즈 60스페셜 3세대에 캐딜락의 상징이 된 ‘테일핀(Tail-fin)’ 디자인이 최초로 적용되었고, 1953년 ‘캐딜락 엘도라도’를 출시하였다. 캐딜락 엘도라도는 ‘황금의 땅’이라는 의미와 걸맞게 ‘성공과 부의 상징’으로 떠오르며 비싼 가격에도 불구하고 높은 인기를 끌었다. 1959년에 캐딜락은 프랑스어로 ‘타운’이라는 뜻의 ‘드빌(Deville) 시리즈를 출시했다. 5,700mm의 전장과 2,000mm가 넘는 너비를 갖춘 드빌은 출시 첫해 캐딜락 북미 시장의 전체 판매량 중 35%를 넘는 53,000대가 판매되며 캐딜락의 주력모델로 성장하였고, 이후 캐딜락은 1963년에 2세대, 1968년에는 3세대, 1969년에 4세대 드빌을 잇따라 출시했다. 1970년대 오일 쇼크가 발생하였고, 이에 파생하여 미국 정부의 자동차 배기가스, 연비, 안전 규제가 강화되며 자동차의 ‘효율성’이 강조되는 시대가 도래하였다. 대형 사이즈와 고출력 엔진이 주력이었던 럭셔리 브랜드 캐딜락은 이 여파에 크게 흔들리게 되었고, ‘스빌’ 등의 모델을 출시하였으나, 일본과 유럽의 브랜드들에게 밀리게 되었다.

1990년대 들어 내부 기술개발을 통해 차세대 엔진을 개발하고 1992년 노스스타(Northstar)엔진을 발표했으며 차량의 크기를 다시 키우고 장거리 주행에 맞춘 기존 ‘유럽형’에서 다시 ‘미국형’으로의 개편을 단행한다. 이로 인해 현재도 미국에서는 어느 정도의 인기를 올리고 있으나 미국외 지역에서의 판매량은 미진한 수준이다. 2000년대 들어 모델 명칭을 모두 규칙적인 작명 방법으로 통일했다. 드빌을 DTS로 개편했고, 스빌을 STS와 SLS로 변경했다. 중형 세단 CTS를 추가하였으며 중형 SUV 모델인 SRX도 출시했다.

캐딜락의 엠블럼은 몇 가지 심볼로 이루어딘 \\\'캐딜락\\\'가문의 문장에서 유래되었다. 캐딜락 엠블럼 안의 방패 문양과 주변을 감싸고 있는 왕관 장식은 캐딜락 가문을 의미하며, 4등분 방패는 십자군 원정에서의 공을 세운 것을 표시하며, 흑색은 \\\'지혜\\\', 금색은 \\\'부\\\', 적색은 \\\'용기\\\', 은색은 \\\'청결\\\', 청색은 \\\'용맹함\\\'을 의미한다. 현재 엠블럼은 추상주의 작가 \\\'몬드리안\\\'의 작품에서 영감을 받아 1999년 제작된 것으로 기존 컬러 패턴에서 은색,적색, 청색은 그대로 유지했고 금색과 흑색은 대비를 이루도록 하였다.",https://i.namu.wiki/s/e3b20568dd73b8c19cf49a6fb1e900de88fdab6e907a3e1309528586f9595fb90a43895025584fafcc2fef8593e5bb090a193258c3704921d30b823d9933df26d52c8dcfde088e41a8af638b3cd6f6c2ca25c66d27f008ecf25414fbee4eab15
27,지프,미국 오하이오주 톨레도,스텔란티스,1943-01-01,존 윌리스,크리스티앙 뫼니에,SUV 제조업,"Go Anywhere, Do Anything","1908년 존 윌리스는 스탠다드 휠 컴퍼니(standard Wheel Company)의 오버랜드 오토모빌(Overland Automobil) 사업부를 인수하였고, 1912년 윌리스 오버랜드 모터 컴퍼니로 회사명을 변경하였다. 1912년에서 1918년까지 미국에서 윌리스 오버랜드는 포드 모터스 다음으로 생산규모가 컸던 업체였다. 윌리스 오버랜드는 여러 업체들을 공격적으로 인수합병 하였으며, 1917년에는 지주회사인 윌리스 코퍼레이션을 설립했다.

그러나 1920년대 후반 미국 경제대공황 등의 영향으로 재정위기에 빠졌고, 대규모 구조조정과 자산 매각을 거쳐 1936년 윌리스-오버랜드 모터스로 재설립되었다. ? 창립자 존 윌리스는 1935년 심장마비로 사망하였다. ? 1940년, 제2차 세계대전이 한창이던 당시에 미 육군은 ‘3인승, 4륜구동 방식, 차량 무게 1,300파운드 이하(이후, 2,160파운드로 상향 조정), 최저 지상고 6.25인치 이내, 휠 베이스 2,032mm 이하, 최고 시속 80km 이상 등’의 자동차를 생산하는데 입찰참여를 권고했다. 입찰조건도 49일 내에 40대를 생산하고 75일만에 70대를 납품해야 한다는 것이었다. 입찰에 참여한 업체 중 포드 모터스, 아메리칸 벤텀, 윌리스 오버랜드로 범위가 좁혀졌고, 최종적으로 윌리스 오버랜드의 시제품 쿼드(Quad)를 베이스로 아메리칸 밴텀과 포드의 시제품의 장점을 입혀 표준 모델(윌리스 MB)을 만들었으며, 1만 6천대 계약 입찰에서 윌리스 오버랜드가 낙찰되었다. 주문량이 폭주하자, 미군은 대량생산이 가능한 포드에게도 설계도를 넘겨 동일 제품을 생산하게 만들었는데, 포드에서 생산한 자동차는 포드 GP로 이름을 붙였다. 1945년 종전까지 64만대가 생산되었고(윌리스 오버랜드 36만 8,000대 생산) 종전 후, 포드는 군용 지프 생산을 중단하고 민간용 승용차 생산으로 전환했다.

단독으로 지프를 생산하게 된 윌리스 오버랜드는 1945년 8월, 서스펜션과 시트를 개선하여 민간용 CJ 모델을 출시했다. 이후, 1948년 지프스터, 1949년 CJ-3A를 생산하면서 ‘JEEP’라는 모델명을 상표등록했다. 1953년에 헨리 카이저가 윌리스 오버랜드를 인수, 계열사 카이저 자동차와 합병한 뒤, 회사명을 윌리스 모터스로 변경했고 다시 10년 뒤인 1963년 ‘카이저-지프’로 이름을 변경하면서 창립자인 윌리스의 이름이 회사명에서 사라졌다. 1966년 지프스터가 풀체인지를 거쳐 지프스터 코만도로 출시되었다. 카이저-지프의 지프모델들은 꾸준한 판매량을 기록했으나 다른 모델들의 판매량이 저조했고, 결국, 카이저-지프는 1970년 아메리칸 모터스 코퍼레이션(American Motors Corporation : AMC)에 7천만달러에 인수됐다.

AMC는 카이저-지프를 민간 차량을 생산하는 지프 코퍼레이션과 군용 차량을 생산하는 AM제네럴 코퍼레이션으로 이분화했다. - AM제네럴은 1983년 LTV그룹에 매각되었는데, 이 AM제네럴에서 만들어 낸 브랜드가 바로 ‘허머(Hummer)’이다. ? 레니게이드 리미티드가 1971년 출시되었고, 1974년 지프스터 코만도가 단종되면서 그의 후속으로 지프 역사상 가장 성공한 모델인 체로키가 발표되었다. 1979년 르노(Renault)가 AMC를 인수하고 CJ시리즈를 1986년까지 생산하였다. CJ시리즈는 1987년 지프 랭글러로 대체되었고 같은 해, 크라이슬러가 AMC를 인수하여 ‘지프’ 브랜드의 새주인이 되었다. 현재는 크라이슬러를 인수한 FCA의 브랜드이다.

지프의 엠블럼은 그대로 \\\\\\\'Jeep\\\\\\\'인데, 지프의 이름의 유래에 관하여 몇가지 설이 있다. 포드에서 생산한 차를 포드 GP(General Purpose)라고 부르다가 변경되었다는 설과, 그 당시 인기 만화 \\\\\\\'뽀빠이\\\\\\\'에 등장하는 요술 강아지 이름에서 유래되었다는 설이다.",https://i.namu.wiki/s/a1d57003f8bfce7b0fcbf9d527fc194afc4f80c05fc948f0e209b76469f1261e4f3f095dd63d81ee571170a57ac7a92eb9786d1c92f3343a597597bac12fcb3584561e446612bad1ca40327c2f9f239d9fc94020b374b76769a49cea1b1b6336
28,포드,미국 미시건주 디어본,포드 모터 컴퍼니,1903-06-16,헨리 포드,제임스 패트릭 해켓,"자동차 제조, 자동차 리스, 자동차 금융",Go Further,"포드 모터 컴퍼니(Ford Motor Company)는 미국의 디어본에 본사를 둔, 자동차 제조 및 판매를 주력 사업으로 하는 글로벌 기업이다. 포드 모터 컴퍼니의 창설자인 헨리 포드(Henry Ford)는 자본금 10만 달러와 지인들로부터 투자를 받아 1903년 포드사를 설립하고 미국 미시간주 디어본에 공장을 건설했다.

모델A, 모델B, 모델K 등을 제작하며 입지를 다진 포드사는 1908년 혁신적인 자동차 모델T를 출시하였다. 이 당시, 자동차의 가격은 2,000달러 수준이었으나 모델T는 825달러에 출시되었고 직렬4기통 2.9ℓ 22마력 엔진을 장착하여 최고시속 70km/h를 기록했다. 1913년 포드자동차는 세계 최초 자동차 대량생산 시스템인 컨베이어식 조립라인을 개발하고 모델T의 출시량을 크게 늘렸다. 모델T는 1911년 3만대, 1913년 10만대가 판매되었으며 유럽과 호주에서도 생산, 판매되었고 1923년을 정점으로 1927년 단종되어 후속 포드A가 출시했다. 20년간 모델T는 총 1,545만 8,700여대가 판매되어, 폭스바겐 비틀이 기록을 경신하기 전까지 전세계 최다 판매 모델로 이름을 올렸다.

포드는 대량생산을 위해 차종을 단일화 함으로써 부품을 표준화하고 대량생산 체제를 구축하여 엄청난 원가절감을 이루었으나, 이 부분이 단점으로 나타나기 시작하였다. 소비자들은 새로운 모델을 원했으며, 검정색 하나뿐인 모델T에 실증을 느끼기 시작한 것이다. 후발 경쟁업체인 GM과 크라이슬러가 다양한 모델로 소비자의 호응을 이끌며 포드의 시장점유율을 잠식해 나갔고, 위기감을 느낀 포드는 1922년 고급 자동차 시장을 공략하기 위해 ‘링컨 모터 컴퍼니’를 800만달러에 인수하였고, 1938년에는 머큐리 브랜드를 발족시켰다. GM에 미국 시장점유율 1위를 내준 포드는 1933년에는 크라이슬러에도 뒤쳐지기도 했고, 1945년 헨리 포드의 손자 헨리 포드 2세가 경영권을 물려 받았다. 헨리 포드 2세는 생산과 경영의 합리화를 추진했으며 1949년 모델49를 출시하여 소비자들에게 큰 인기를 끌었다. 이를 계기로 크라이슬러를 제치고 2위로 올라섰으며 1955년 선더버드, 1957년 페어레인을 출시하며 다시 시장점유율 1위를 탈환하기도 했다. 이어 1964년 등장한 머스탱이 미국의 젊은이들에게 폭발적인 인기를 얻으며 출시 2년만에 100만대가 판매되었다.

스포티한 선더버드와 머스탱의 인기를 바탕으로 모터스포츠에 진출하여 유럽 F1에서 200회 우승, 르망 24 레이싱에서 4년 연속 우승(1966 ~ 1969)이라는 성적을 거두었다. 그러나, 머스탱 이후 히트 모델이 나오지 않았고, 포드는 매년 적자를 기록하는 상황에 빠지게 되었고, 1980년 헨리 포드 2세가 퇴진하고 콜드웰이 회장으로 취임했다. 콜드웰은 취임 후, 체질 개선과 구조조정을 단행했고, 1985년 피터슨 회장이 취임한 후 출시한 토러스가 많은 판매량을 기록하며 86년 순이익 부문에서 GM을 넘어섰다.

포드는 유명 브랜드 매입에 박차를 가하며 기존의 포드, 링컨, 머큐리 외에 소비자가 선택할 수 있는 브랜드 폭을 넓히기 시작했다. 1987년 애스턴마틴, 1989년 재규어, 1996년 마쓰다, 1999년 볼보와 2000년 랜드로버까지 매입하였고 포드는 재규어, 링컨, 머큐리, 애스턴마틴, 랜드로버, 볼보를 묶어 프리미어 오토모티브 그룹(Premier Automotive Group: PAG)을 결성하였다. 90년대에는 이와 더불어 글로벌 경영체제를 구축하고 신차 출시에도 힘을 쏟았다. F시리즈 픽업과 에스코트, 익스플로러, 레인저, 피에스타, 에스코트, 몬데오, 포커스 등 다양한 모델을 출시하였다. 2000년대 들어, 미국 경기 상황이 악화되고 포드의 경쟁력도 상대적으로 떨어지면서, 사들였던 고급 브랜드를 매각하기 시작했다. 재규어와 랜드로버를 인도 타타그룹에 매각했고, 애스턴마틴과 마쓰다의 지분 일부를 남기고 매각했다. 볼보 또한 중국의 지리그룹에 넘겼으며, 자사 브랜드였던 머큐리를 2010 폐기했다. 이로 인해 현재 포드 산하에 남아 있는 브랜드는 포드와 링컨만 남게 되었다.

포드의 엠블럼은 창립자 헨리 포드의 이름에서 유래했으며 포드의 첫 수석 디자이너가 1910년경 디자인하여 지금까지도 큰 변화 없이 유지되고 있다.",https://i.namu.wiki/s/e523fbe3f6cfc1dc5079aaffb0828217d1998d1e1ee10dd6d237185db8f9b0110f2f671e77224f8350fadce2002cdc54e495e264a937a2e3e65a55038a90646425cfc9cc511625d57181904abb7d34b0e3730b44b251c43007e22a5075d2593e
29,링컨,미국 미시건주 디어본,포드 모터 컴퍼니,1917-08-01,헨리 릴랜드,다이앤 크레이그,고급 승용차 제조업,American Luxury,"링컨은 포드 산하의 고급 자동차 부문을 담당하고 있는 미국의 자동차 브랜드이다. 링컨의 창립자는 헨리 릴랜드로 릴랜드는 1902년 헨리 포드의 헨리 포드 컴퍼니를 재설립하여 캐딜락을 창립하였으며 1908년에는 윌리엄 듀런트와 제네럴모터스(GM)을 설립했다. 1909년에 GM에 캐딜락을 매도했고, 1917년, 윌리엄 듀런트와 GM 운영에 대한 불화로 GM을 떠났다.

GM을 나온 릴랜드는 아들 윌프레드와 비행기 엔진 제조업체인 링컨 모터 컴퍼니(Lincoln Motor Company)를 설립했는데 회사 이름인 링컨은 미국 대통령 에이브러햄 링컨에서 따왔다. 1919년부터 다시 자동차 엔진을 제작하기 시작했으며 이듬해 회사명을 ‘링컨 모터스 컴퍼니’로 변경하고 V8기통 81마력의 엔진을 장착한 링컨L시리즈를 출시했다. 그러나 단순한 디자인과 나쁜 연비로 시장에 호응을 이끌어내지 못해, 링컨은 재정위기에 빠지게 되었고, 결국 포드에 800만 달러에 인수되었다.

이때, 포드는 모델T로 엄청난 판매량을 올리고 있었으나, 모델의 다양성 및 고급차 시장에 대처할 모델이 없었기 때문에 링컨을 통해 이에 대한 대응을 펼칠 전략을 구상한 것이다. 링컨은 포드에 인수된 후 1922년 에셀 포드가 아버지 헨리 포드를 위해 주문 제작 차량을 출시하였는데 이 차가 ‘타운카’이다. 타운카라는 이름은 운전석이 외부에 노출되어 있고 승객석이 따로 분리되어 있는 차체에서 따왔다. 1931년 ‘링컨K시리즈’를 출시했고, 1936년 존 차르다가 디자인한 제퍼를 제작하여 큰 인기를 끌었다. 1940년에는 링컨 브랜드의 가치를 크게 끌어올린 컨티넨탈이 출시되었다. 제퍼와 컨티넨탈의 연이은 성공으로 링컨의 판매량은 크게 늘어났으며, 1956년 마크Ⅱ를 출시하여 미국 내 세단부문에서 정상에 등극하였다. 1961년에는 뉴 컨티넨탈이 출시되어 미국 산업디자인협회에서 올해의 디자인상을 수상한 최초의 자동차가 됐다. 70년대에서 80년대까지 럭셔리함을 강조하는 모델들을 출시하여 고급차 이미지를 확고히 하였다. 링컨은 브랜드 이름 자체가 대통령의 이름을 따온 것이지만, 실제로 대통령 전용 차로도 유명한데, 캘빈 쿨리지, 프랭클린 루즈벨트, 헤리 트루먼 등의 대통령들이 링컨을 전용차로 애용했다. 90년대 들어 독일과 일본 자동차의 약진으로 링컨은 점차 경쟁에서 밀렸다. 2000년대 들어 MK시리즈를 출시하며 혁신적인 디자인과 성능으로 반등을 만들어 내고 있다.",https://i.namu.wiki/s/c7507e6c675403bc0af61b4fcf73645546fc032ae069ea959c4991d6ae87177e187b0a1b2a41ed097f4286402d8ea98ce9a381fcbfb9e36c5a18c28bc63f07c0b9788519474c62e43d44b9d5517399ffbf1e46460533d93557eb006535f18833
30,테슬라,미국 텍사스주 오스틴,,2003-07-01,마틴 에버하드 외 4명,일론 머스크,"자동차 제조, 소프트웨어 개발, 로봇 제조업",Ride Free,"테슬라는 미국의 전기 자동차 회사로 2003년 자동차 관련 엔지니어 출신 마틴 에버하드와 마크 타페닝에 의해 설립되었으며, 다음 해 2004년 페이팔 창업자 엘론 머스크가 650만 달러를 투자하면서 테슬라모터스의 최대주주이자 회장이 되었다. 신생 업체인 테슬라는 사업 초기 수익이 없자 엘론 머스크는 사비를 털어 자금을 충당하기도 했으며, 중간중간 대출을 받아 전기차 개발을 이어나갔다.

그 후 마틴 에버하드와 마크 타페닝은 테슬라의 첫 모델 로드스터를 고안하여 2006년 2인승 로드스터 시제품을 공개했다. 한 번 충전으로 400km 주행할 수 있었으며, 0-100km 4초에 달했다. 이를 기반으로 2008년 첫 전기차 로드스터 양산차를 생산하여 1,000여 대가 판매되었다. 전기차 로드스터는 당시 리튬폴리머를 대체할 소형 리튬이온 전지 6천 개 이상을 연결하는 전지를 사용하여 한 번 충전으로 395km까지 주행할 수 있었다.

2008년 10월 엘론 머스크가 회장에서 CEO로 자리를 옮겼으며, 그해 12월 주식시장이 폭락 장세에 접어들면서 자금난에 시달리고 있었다. 엘론 머스크는 페이팔을 매각하고 남겨둔 돈을 꺼내 투자하여 어려운 시기에 닥친 테슬라를 어렵게 헤쳐나갔다. 또한, 두어 군데 대형 자동차 제조업체와 미국 정부를 상대로 협상을 벌이기 시작했다. 그 결과 2009년 6월 테슬라는 미국 에너지부로부터 무려 4억 6,500만 달러의 대출 승인을 받아냈다.

2009년 7월 캘리포니아 법정에서 테슬라의 설립자는 마틴 에버하드, 마크 타페닝, JB 스트로벨, 이언 라이트, 엘론 머스크 총 5명을 공동 설립자로 판결을 내렸다. 당시 엘론 머스크는 자금을 대는 조건으로 회장 자리와 의사 결정권을 요구했으며, 마틴 에버하드가 CEO를 맡았다. 엘론 머스크를 제외한 나머지 4명은 자동차 관련 엔지니어 출신으로 알려졌다. 2010년 테슬라모터스는 설립한 지 7년 만에 나스닥 증시에 적자 상태로 상장해 주목받았으며, 토요타의 캘리포니아 생산 공장을 460억 원에 사들여 본격적인 생산설비를 갖췄다.

2012년 테슬라는 세단 베이스를 갖춘 모델 S를 출시했다. 모델 S는 한 번 충전으로 400km 이상 주행할 수 있는 순수 전기차로 설계되었다. 또한, 이 해에 테슬라는 미국의 주요 고속도로마다 자체 충전소 슈퍼차저를 설치했다. 2013년 5월 테슬라 모터스는 설립 후 10년 만의 첫 흑자를 기록했다. 모델 S의 판매 호조로 1분기 순익 120억 원을 기록하며, 전 분기보다 83% 오른 6,100억 원을 기록했다.

2014년 테슬라는 모델 S의 업그레이드 모델인 모델 D를 출시했다. 모델 D는 사륜구동 적용, 자율주행 기능이 탑재되었다. 또한, 자동주차와 자동차선 변경은 물론, 전방 카메라와 레이더, 360 초음파 센서로 주변 도로를 모니터할 수 있는 세계 최초 자동 주행 상용화 모델로 기록됐다. 2015년 테슬라는 자사의 세 번째 모델이자 첫 SUV 모델 X를 출시했다. 모델 X는 문이 상향 개폐되는 팔콘윙 도어가 적용되었으며, 기본형인 90D, 고성능의 P90D 등 두 가지 모델로 출시됐다. 한번 충전 후 400km를 주행할 수 있으며, 0-100km 4.8초 만에 돌파한다. 전륜 모터는 259마력, 후면 모터는 503마력, 최고 시속 250km에 달한다.

테슬라의 사명은 교류전기 발명가, 물리학자, 기계공학자이자 전기공학자인 니콜라 테슬라(1856년~1943년)의 이름에서 유래되었으며, 테슬라 로고는 TESLA의 첫 글자, T를 형상화하였으며 로고 디테일은 스타일, 우아함, 혁신을 나타낸다.",https://i.namu.wiki/s/2fff6bd06ec6bfdf3782ae77d3b125c3b9c6896830a7ac1a01ffab0c1169e73e13bd47f5ab5d792c7ea2798fc7de9c7bdaa515fbecae628e96698a6ab3ad6aa1c9d36aa8395a81b935a929adcfc8d9bb18e676f3d164ce73d5d3a69be7dfe9ca
31,페라리,이탈리아 에밀리아로마냐주 마라넬로,엑소르,1939-09-13,엔초 페라리,베네데토 비냐,고급 스포츠카 제조업,Selling Dreams,"페라리는 이탈리아 마라넬로를 거점으로 하는 FCA 그룹 산하의 스포츠카 제조업체이다. 1919년 레이싱 드라이버로 데뷔한 엔초 페라리가 1929년에 F1 레이싱팀 스쿠데리아 페라리(Scuderia Ferrari)를 창설했는데, 이탈리아어 ‘Scuderia’는 ‘팀’이라는 뜻이다. 엔초 페라리는 알파로메오의 스폰서쉽을 받아 F1에 출전했으며 1932년부터는 드라이버 생활을 마치고 레이싱 팀을 관리하며 자동차 개발에 나섰다. 1938년, 독일업체와의 경쟁에서 승리하기 위해 알파로메오는 본사에서 레이싱팀을 직접 관리하기로 결정하였고, 얼마 지나지 않아, 스쿠데리아 페라리를 해체하였으며 엔초 페라리를 새로운 레이싱팀의 매니저로 임명하여 갈등이 불거졌다.

1939년 9월, 4년동안 자신의 이름인 페라리를 레이싱카에 쓰지 않는다는 계약하에 엔초 페라리는 알파로메오를 떠났고 며칠 후, 그는 ‘Auto Avio Costruzioni’를 모데나에 설립했다. 1940년 그는 티포815 모델을 생산하여 밀레 밀라아 레이스에 출전했으나 엔진 결함으로 완주에 실패했다. 제2차 세계대전으로 자동차 생산이 중단되고 군수용품 생산하던 도중, 폭격으로 공장이 완파되어 지금의 마라넬로로 이전하게 되었다. 1947년 스쿠데리아 페라리를 부활시키고 본격적으로 레이싱카를 직접 제조하는 레이싱팀으로 방향을 잡았으며, 자신의 이름을 단 최초 모델인 페라리125C를 피아첸차에서 열린 레이스에 출전시켰다. 1948년에는 125C의 엔진을 1995cc로 증량한 최초의 도로용 모델 페라리166을 공개했다. 엔초 페라리는 도로용 자동차 생산에 회의적이었으나, 레이싱카 개발에는 엄청난 개발비가 투입되었기 때문에 ‘레이싱 활동자금을 얻기 위해 자동차를 생산하는 기업’의 면모를 보이기 시작했다. 페라리166은 장거리 레이스를 포함하여 각종 레이싱 대회를 휩쓸며 페라리의 명성을 떨쳤다. 1950년대 초반 페라리340 아메리카, 페라리250 유로파, 페라리375 아메리카 등을 출시했으며 1951년 영국 그랑프리에서 당대 최강팀 알파로메오팀을 꺾고 우승을 차지했다.

초창기 페라리 모델들은 기능성에만 치중하여 완성도는 떨어졌는데, 1952년 카로체리아 피닌파리나(Carrozzeria Pininfarina)사가 디자인을 담당하며 생산된 페라리212부터 뛰어난 예술성까지 갖추게 되었다. 이때부터 피닌파리나가 페라리의 디자인을 도맡았다. 1960년에 최초로 250GT 2+2 좌석의 차를 생산했으며, 61년에는 긴 휠베이스의 포르쉐 California를 출시했다. 1968년 제네바 모터쇼에 페라리 365 GTB/4라는 모델이 출시되었는데, 전년 데이토나 24 레이스에서 우승한 것을 기념으로 사람들이 이 모델을 ‘페라리 데이토나’라고 부르게 되었다. 다음해 1969년 프랑크푸르트 모터쇼에서는 데이토나의 스파이더 버전이 데뷔하였다. 1960년대 중반부터 페라리는 재정적인 문제로 위축되기 시작했는데 61년 주요 임원들의 사임과 레이싱카 개발에 들어가는 비용이 급격하게 증가했으며, 1968년부터 제정된 미국의 안전과 배기가스에 관한 규정 때문이었다. 안전과 배기가스에 관한 규정은 고성능 자동차를 만드는 업체들에게는 큰 장벽으로 나타났고, 1969년 초, 페라리는 지분 50%를 넘기고 피아트에 인수되었다.

엔초 페라리는 레이싱카 모델 개발에 주력했고, 도로용 자동차는 피아트에게 위임했다. 1973년 석유파동이 발생하자 페라리는 6기통의 작은 용량의 차량을 생산하였는데, 이 차의 이름은 Dino 206GT이다. ‘Dino’는 1956년 요절한 엔초 페라리의 아들의 별명으로 이후에 출시된 6기통 엔진을 장착한 모든 차종에 디노가 붙어서 출시되었다. 1970년대 슈퍼카 경쟁이 본격화되면서 1984년 엔초 페라리는 투윈터보처저를 부착한 최고 속도 304km/h의 페라리288GTO를 출시했다. 이후, 엔초 페라리는 1987년 후륜구동 방식의 2인승 스포츠카로 페라리 역사상 최대 걸작으로 꼽히는 페라리F40을 발표했다. 페라리F40은 페라리의 40주념을 기념하는 모델이자 엔초 페라리의 유작이었다.

창립자의 사망 후, ‘루카 디 몬테제모’ 사장이 취임했고 1989년에 회사명을 ‘Ferrari S.p.A’로 변경했다. 취임 후, 페라리355와 456GT, 360모데나 등의 신차를 개발/출시하여 호평을 받으며 창립자 사망에 따른 우려를 종식시켰다. 2003년에는 전세계 399대 한정으로 창립자를 기리는 ‘엔초 페라리’를 출시했다.

페라리의 엠블럼 'Prancing Horse'는 1차 세계대전 당시 사망한 이탈리아 영웅, 비행기 조종사 프란체스코 바라카가 자신의 비행기 기체에 그려 넣었던 것으로 1923년 엔초 페라리가 레이서로 첫 우승을 차지했던 사비오 레이스에서 바라카의 부모를 만난 후, 그의 부모가 행운을 가져다 주는 그림이라며 엔초 페라리의 차량에도 그림을 그리라는 제안을 엔초 페라리가 행하면서 브랜드 로고의 효시가 되었다.",https://i.namu.wiki/s/ccc0506cc5c82ebfe5823fdb60d2b8dab806c8e177445dcf46ddd3e00300027fc00acdf3ae40504499e05184bd4378b5d29ba499e0856355c6f9f0709b892a79d07407ad162aef79d49be0c9e093d99bb9c41068465cb241c3114759d992ac55
32,랜드로버,영국 웨스트미들랜즈주 코번트리 휘틀리,타타자동차,1948-01-01,"모리스 윌크스, 스펜서 윌크스",아드리안 마르델,고급 SUV 제조업,Go beyond,"랜드로버는 영국의 4륜구동 자동차 럭셔리 브랜드로, 현재 재규어와 함께 인도의 타타 모터스의 계열사이다. 1878년 자전거 회사(Starley & Sutton Co)를 창업하고 자전거를 제작하던 존 켐프 스타레와 윌리엄 서튼이 1904년 로버 컴퍼니(Rover company Ltd)로 사명을 변경하고 모터사이클 및 자동차 제조업에 뛰어들었다. 자전거가 롤란드어로 ‘Rower’이며 벨라루스어로 ‘Rovar’라는 점을 고려하여 회사 이름이 ‘Rover’로 결정되었다. 좋은 품질에 대한 평판이 높아지며 중급 세단을 중심으로 차량을 출시하여 1910~1930년대의 제1차 세계대전과 경제대공황에서도 살아남았으며 제2차 세계대전 발발 이후, 영국 정부의 군수품 공장탱크에 선정되어 탱크 엔진을 개발하기도 하였다.

세계대전 종료 이후, 1947년 로버 컴퍼니의 메인 디자이너였던 모리스 윌크스가 농장에서 사용할 수 있는 다목적차를 구상하고 형제인 스펜서 윌크스와 프로토타입을 제작하였다. 윌리스 지프의 섀시에 로버의 48마력 1.4x엔진과 4단 기어를 장착해서 만들어진 이 모델은 섀시넘버 LR1, 등록번호 HUE166이었기 때문에 ‘휴이’라는 애칭으로 불렸다. 이를 바탕으로 1948년 네덜란드 암스테르담 모터쇼에 랜드로버의 첫 모델 ‘Series 1’ 이 공개됐고 이를 본 영국 정부의 요청에 따라 다목적 군용차로 제작되어 공급되기 시작했다. Series 1의 양산차량은 세계대전 후 부족한 철강공급의 영향으로 차체에 알루미늄 합금을 이용했는데, 오프로드 성능과 내구성을 높이는데 도움을 주면서 랜드로버의 전통으로 자리를 잡았다. 1952년 엔진 배기량을 2.0ℓ로 늘렸고 1958년에 4륜구동과 디젤엔진을 선택할 수 있는 SeriesⅡ가 출시하였다. 1971년 SeriesⅢ이 공개되었고 1976년 100만대 판매를 넘어섰다. 이 오리지널 랜드로버 모델은 1983년 등장한 디펜더의 원형이다. 1960년대 랜드로버는 고급SUV 시장에 눈을 돌리고 1967년 첫 프로토타입을 출시하였으며 이듬해 ‘레인지로버’라는 이름을 확정하였다.

로버 컴퍼니는 65년 럭셔리카 제조업체 알비스를 인수했지만 경영악화로 2년 뒤인 67년에 트럭 제조업체 ‘레일랜드 모터스’에 인수되었다. 레일렌드 모터스는 이듬해 68년 외국 메이커의 공세를 극복하기 위해 BMH와 합병하였으며 사명을 브리티시 레일랜드로 변경하였다. 그러나, 브리티시 레일랜드는 경영진의 갈등, 노사분규, 재정 문제 등 복합적인 문제가 표출되어 1975년 국영 기업화되었다. 1978년 랜드로버는 로버에서 분리되어 별도의 회사가 되었으며 랜드로버90(3도어), 랜드로버110(5도어) 등의 모델을 출시하였다. ? 랜드로버90,110은 1989년 랜드로버 디스커버리가 출시된 이후 혼돈을 피하기 위해 ‘디펜더’라는 이름이 붙여졌다. - 1984년 다시 민영화된 이후 브리티시 레일랜드는 사명을 로버그룹으로 바꾸고 브리티시 에어로스페이스에 매각되었다. 이때, 로버그룹에 속해 있던 제조사들은 오스틴로버그룹(오스틴, 로버, 미니, MG상표), 랜드로버, 프라이트로버 밴, 레일랜드 트럭 등이었다. 1989년 랜드로버는 디스커버리를 출시하여 럭셔리 도심형 SUV 라인업의 레인지로버, 레저 라인업의 디스커버리, 극한의 오프로드 성능을 지향하는 디펜더의 라인업을 완성하였다. 로버그룹은 1994년 1월 BMW가 에어로스페이스로부터 로버그룹의 지분 80%를 8억 파운드에 인수하면서 BMW그룹 소속이 되었으며 BMW는 나머지도 혼다로부터 인수하였다. 랜드로버는 BMW그룹 아래에서 97년말 프리랜더를 공개했다. 이후, 2000년 경영악화에 빠진 BMW가 부채를 떠안는 조건으로 포드에 랜드로버의 사륜구동 부문을 매각하였다. 랜드로버는 포드그룹 산하에 들어간 이후 프리미어 오토모티브 그룹으로 편입되었다가 포드의 경영위기에 따라 2008년 3월에 재규어와 함께 23억 달러에 타타그룹에 다시 매각되었다. 2011년 랜드로버 라인업 중 가장 작은 모델인 레인지로버 이보크를 출시하며, 디자인면에서 혁신을 나타냈다.

랜드로버의 엠블럼은 초록색 바탕 위에 'Land-Rover' 로고를 세긴 엠블럼을 사용하는데 초록색 바탕은 대자연을 의미하고 Land는 땅, Rover는 방랑자, 즉 '자유롭게 지나가다' 라는 뜻을 지닌다.",https://i.namu.wiki/s/281b74a806c028f1b4af3c01f852316714cda252634eb5cf414aafcc9d53ba9bc74efbd0d34cb81ef9e000fa638d4642b7372f565e69ee3a8d43841a5f02a0754649ba22c6d276d4c9c5fab252395850b3506807bebbbedf1899157b6ece1ff3
33,피아트,이탈리아 피에몬테주 토리노,스텔란티스,1899-01-01,지오반니 아녤리 외 8명,올리베르 프랑수아,자동차 제조업,Driven by passion,"피아트는 이탈리아 자동차 업체로 피아트-크라이슬러 오토모빌(FCA) 소속이다. 1899년, 지오반니 아넬리가 귀족, 은행가 등 친분이 두터운 8인의 토리노 유지를 만나 자동차 회사를 설립하기로 합의하였다. ‘피아트’라는 이름은 토리노에 세워진 이탈리아 자동차 공장(Fabbrica Italiana Automobili Torino)이라는 사명으로 설립된 후, 1917년 영문 머리글자를 따 만들었다.

1900년 공장 설립 후, 2기통 3.5마력의 엔진을 장착한 피아트3 1/2HP가 생산되었고 1908년 4기통 12마력의 엔진을 탑재한 소형차 티포를 생산하여 대중들에게 인기를 끌었다. 티포는 리터당 10km의 연비를 자랑하는 효율적인 자동차로 영국과 미국에 수출되었고 이들 지역에서 택시로도 인기가 높았다. 1914년 제1차 세계대전이 발발하고, 피아트는 군용차, 비행기등 군수물자를 생산하여 큰 이익을 얻어 1922년 링고토에 테스트 트랙을 갖춘 공장을 설립하고 알프스에 자체 발전소를 세웠다.

1930년, 파시즘의 수령인 무솔리니는 지오반니 아넬리를 불러 5,000리라를 넘지 않는 자동차를 만들어달라는 의뢰에 따라 1936년 4기통 569cc 엔진을 장착한 피아트500이 출시되었다. 이 차는 토폴리노(생쥐)라는 애칭으로 큰 인기를 누렸으며 피아트는 소형차 브랜드로서 본격적으로 명성을 떨치게 되었다. 이후 2차대전 동안 피해를 입은 링고토 공장을 복구하며 자동차를 재생산하였다. 1955년 토폴리노의 후속작 피아트600을 출시하였고 곧이어 1957년 피아트600을 대체하는 피아트 역사상 가장 기념비적인 명차 누오바 친퀘첸토(누오바500 : Nuova는 이탈리아어로 ‘새로운’을 의미)를 출시하였다. 누오바 친퀘첸토는 1957년부터 1975년까지 390만대가 생산되어 유럽 전지역으로 수출되며 유럽 경차의 아이콘으로 자리잡았다.

1960년대 후반부터 피아트는 자동차 제조사들을 사들이기 시작해, 1968년 아우토비앙키, 1969년에는 란치아를 인수하고 페라리의 주식 50%를 매입해 경영권을 확보하였으며, 1971년 레이싱카 제조업체 아바쓰도 인수하였다. 그러나 1960년대 후반 노사관계가 악화되며 다수의 파업이 발생했고, 설상가상으로 1973년 석유파동까지 겹치며 생산성과 품질이 떨어지는 결과로 인해 국내외에서 경쟁력이 약화되었다. 원유가격 상승으로 공공대중교통이 중요성이 부각되자 1975년 네덜란드에 상용차 회사 이베코를 설립하고 휘하 자동차 제조사 피아트, 아우토비앙키, 란치아, 페라리, 아바쓰를 묶어 피아트 오토 주식회사를 세웠다. 그러나 이는 피아트 승용차 부문의 경쟁력을 더욱 떨어뜨리는 결과를 초래했고, 1980년 피아트는 경영 재건 5개년 계획을 세워 신형차 투입, 채산성이 좋지 않은 기업의 정리, 다른 제조사와의 제휴, 공장 자동화 촉진 등을 실시하였다. 전후로 출시된 소형차 판다와 크로마, 클린 엔진을 탑재한 우노 등이 인기를 끌었고 노사관계가 정상화 되었으며, 효율성이 상승하면서 성공적인 경영 재건을 마무리했다.

1986년에는 포드와의 경쟁에서 승리하며 알파로메오를 인수하였으며, 1993년 고급 스포츠카 제조 브랜드 마세라티를 인수하며 이탈리아 승용차 시장에서 절대적인 입지를 쌓았다. 80년대 우노와 94년 출시된 푼토가 큰 인기를 누렸음에도 이에 대한 의존도가 높았고 다변화되는 수요에 대응하지 못하며 이탈리아에서도 50% 시장점유율이 붕괴되었다. 93년 11억6천만달러 적자를 기록하는 등 위기에 빠진 피아트는 세계화 계획 프로젝트로 '피아트178' 을내세우고 15억달러를 투입했으나 90년대 후반 동남아시아를 비롯한 중남미의 재정 위기 등으로 인하여 실패했다. 2000년 GM과의 제휴(GM지분 5.1%와 피아트 지분 20% 맞교환 + 피아트 잔여지분 풋옵션)를 통해 GM에 인수되기를 희망했으나 GM이 이를 파기했다. 풋옵션 소송을 통해 2005년 5월 GM은 피아트에 20억달러를 지급하고 풋옵션 계약을 해지했다. 2004년 6월 세르지오 마르치오네가 CEO로 취임 후, 구조조정과 계열사 등을 정리하며 자동차 제조에 집중하는 전략을 취했고 2년만에 흑자로 돌아섰다. 이후, 2009년 크라이슬러의 지분을 사들였고 14년초 100% 지분을 인수 후 동년 10월 ‘피아트-크라이슬러 오토그룹(FCA)을 발족시켰다. 8월에는 토리노에서 법률상 등기 본사는 네덜란드로, 세법상 주소는 영국으로 이전하였다.",https://i.namu.wiki/s/41d7e1cac32b8e67394c0282fff9f89f2db8c569682d7dfcd3e984f7dc4f26617473d8dc25bc338442249fc9ffff1de2d7331301504f529462842a623ae9686ccdd31e11840017e5c044a430fa1a72db9315efa1310f9ce4343c9ab4d173c58b
34,마세라티,이탈리아 에밀리아로마냐주 모데나,스텔란티스,1914-12-01,알피에리 마제라티,해럴드 웨스터,고급 승용차 제조업,"Luxury, sports and style cast in exclusive cars","마세라티는 이탈리아의 고급 자동차 제조업체로 현재 FCA 산하의 브랜드이다. 1914년 12월, 알피에리 마세라티를 중심으로 마세라티 형제가 오피치네 알피에리 마세라티(Officine Alfieri Maserati)라는 회사를 설립하고 차량을 개조하여 레이싱카를 제작하는 일을 주로 했다. 1926년 마세라티의 기술로 제작한 티포26을 출시하여, 그 해 타르가 플로리오 경주대회에서 우승하며 주목 받기 시작했다. 1929년에는 16기통의 엔진을 장착한 V4를 개발하였고 드라이버인 보르차치니가 V4를 몰고 246.069km/h위 세계 최고속도 기록을 세우며 트리폴리 그랑프리에서 우승하였다. 1932년 리더인 알피에리 마세라티가 경주 도중 사고로 사망하였고, 남은 형제들은 10년간 고용 계약을 약속하고 1937년 오르시 가문에 회사를 매각했다.

오르시 가문은 회사 본사를 현재의 본사 위치인 모데나로 이전하였고 레이싱카 개발과 동시에 양산차 제작에 들어갔다. 1947년 마세라티의 첫 도로용차이며 현재 그란투리스모의 기본 모델인 ‘A6 1500’이 제작되었다. ‘A’는 창업주 알피에리 마세라티의 앞글자를 뜻하며 ‘6’은 6기통을 의미했는데, 판매 실적은 미미했다. 1953년 알파로메오의 설계자였던 지오아키노 콜롬보를 영입하여 전설적인 레이싱카 250F를 제작하였다. 2.5리터 직렬 6기통 엔진을 탑재한 250F의 250은 배기량을, F는 포뮬러 레이싱카를 뜻한다. 드라이버 후안 마누엘 판지오를 영입하였고, 그는 250F와 함께 1954년, 1957년 F1 월드 챔피언에 등극했다. 1957년 우승을 끝으로 마세라티는 공식적으로 레이싱계에서 은퇴를 발표했고, 고성능의 양산차 제작에 집중했다.

1957년 3500GT 출시를 시작으로 5000GT, 세브링 등의 모델을 출시하며 고성능 GT브랜드로서 입지를 쌓아갔으며 1963년에는 마세라티의 첫 4도어 세단 콰트로포르테가 출시되었다. 고성능 스포츠 세단의 새로운 지평을 열었다고 평가받는 콰트로포르테는 6세대를 거치며 50여년이 지난 지금도 생산되고 있는 마세라티의 대표 차종이다. 1967년에는 기블리가 출시되었다. 1968년 시트로엥은 오르시 가문으로부터 마세라티를 인수하고 1971년 미드쉽 엔진 배치 방식의 마세라티 보라를 출시하였으며, 1년 뒤에는 보라보다 작은 엔진을 얹은 메락을 생산했다. 1973년 석유파동이 닥치자 고성능 자동차를 바탕으로 성장하던 마세라티의 자동차에 대한 수요가 급격하게 감소했으며 설상가상으로 모회사 PSA 푸조 시트로엥의 경영상태도 악화되자 PSA그룹은 마세라티를 데토마소에 매각하였다.

데토마소 산하에서 마세라티는 큰 배기량 엔진 위주에서 터보 엔진을 얹은 다운사이징으로 전략이 변경되었다. 1976년 키얄라미를 시작으로 1979년에는 3세대 콰트로포르테를 등장시켰다. 1981년에 데토마소 시대의 마세라티를 상징하는 차, 비투르보가 등장했다. 비투르보는 '트윈터보'라는 뜻으로, 가벼워진 엔진과 날렵해진 차체의 조합으로 강력한 성능을 뽐냈으며 가격은 상대적으로 저렴했다. 이러한 전략은 마세라티의 높은 브랜드의 명성을 상대적으로 합리적인 가격에 출시함으로써 구매의 진입장벽을 낮추는 것이었다. 1992년에는 2세대 기블리가 출시됐다. 기블리는 아이러니하게도 1세대와 마찬가지로 출시 1년 후 또다시 브랜드의 소유주가 바뀌는 상황이 발생하며, 호평에도 불구하고 1997년 단종되고 말았다. 기블리는 단종된지 16년이 지난 2013년에 4월에 3세대가 상하이모터쇼에서 공개되었다. 1993년, 경영의 어려움을 겪던 데토마소가 마세라티를 피아트 그룹에 매각했다.

피아트는 1997년에 마세라티의 지분 50%를 피아트 그룹 내의 페라리에 넘겨 마세라티를 페라리 산하의 럭셔리 브랜드로 만들었다. 이때의 마세라티는 생산단가마저 무시한 슈퍼카급 차량을 내놓았으나 흥행에는 성공하지 못했다. 피아트 그룹은 2005년 마세라티를 알파로메오 산하로 옮기고 좀 더 현실적인 브랜드로 변경을 유도하였으며 토리노에 대량 생산 시설을 추가했다. 07년 그란투리스모를 출시하며 마세라티는 17년만에 흑자로 돌아섰으며 2013년 6세대 콰트로포르테와 3세대 기블리를 출시하며 연간 판매량이 2배 이상 증가했다.

마세라티의 삼지창 엠블렘은 마세라티 형제 중 유일하게 자동차 산업에 종사 하지 않았던 알피에리의 동생 마리오 마세라티가 볼로냐의 마조레 광장에 서있던 삼지창을 든 넵투누스 조각상을 보고 영감을 받아 만들었다. 엠블럼은 바다의 신이 들고 있는 것처럼 강인함과 활력을 의미한다.",https://i.namu.wiki/s/558d63035c992c44ee794732e8307a8132b5bcb9f462bf065e13009c15aed23815564042d170293e8341ab75a5eb741edc910182c7e27d634b4725ce3cd63a9289ade0e1de5cfda0c50f261e3c0d37eeab66ee2b2886ad4fdf5c106b6a1dca53
35,볼보,스웨덴 베스트라예탈란드 주 예테보리,저장지리홀딩그룹,1927-04-14,"아사르 가브리엘손, 구스타프 라르손",짐 로완,자동차 제조업,"
Design around you","볼보는 세단 및 SUV 등을 제조, 판매하는 스웨덴의 자동차 브랜드로 1915년 당시 최대의 볼베어링 회사인 SKF(Svenska Kullager-Fabriken)의 자회사로 미국의 볼베어링 시장을 개척하기 위해 시작되었으나 초기단계에 중지되었던 상황에서 SKF의 중역이자 경제학자인 아사르 가브리엘슨과 SKF의 엔지니어 구스타프 라르손이 1927년 자동차 공장을 건설하고 ‘볼보’를 사명으로 사용하면서 자동차 제조사가 되었다. 볼보의 모회사인 SKF는 1935년 볼보가 스톡홀름 증권거래소에 상장 이후 지분을 전량 매각하였다.

아사르 가브리엘슨과 구스타프 라르손은 스웨덴의 거친 도로와 추운 기온에 견딜 수 있는 안전하고 품질이 뛰어난 차를 구상하고 1927년 첫 번째 자동차인 QV4 ‘야곱’의 생산에 들어갔으나 오픈바디가 스웨덴의 실정에 맞지 않아 외면당했고 이를 개조해 탑을 씌운 PV4를 생산했다. 1928년 볼보 최초의 트럭으로 1.5톤 타입의 ‘1시리즈’가 생산되어 호평을 받았으며 이 트럭과 1934년 출시된 B1이라는 이름의 버스가 창립 초기의 중심모델이 되었다. 1935년 볼보는 1907년 설립한 선박엔진 제조업체 펜타베르켄을 인수했다. 1944년에는 볼보의 독자 모델인 PV444가 개발되어 볼보의 성장기를 이끌었는데, 세계 최초로 강화 자동차 유리가 사용된 PV444 모델은 출시 후 베스트셀링카에 등극하였으며 21년간 44만대가 팔렸다. 1950년 건설기계 제조업체인 볼린더-뭉크텔을 인수하면서 사업 영역을 확장하였고 1956년 볼보를 글로벌 브랜드 반열로 올려놓은 121/122S 시리즈가 출시되었다. 121/122S 시리즈는 ‘아마존’이라는 애칭으로 불리며 전세계에 수출되었고, 볼보의 이미지를 ‘10년을 타도 고장 없이 견고한 차’로 각인시키는데 큰 역할을 하였다. 1959년 업계 최초로 안전벨트를 기본사양으로 장착했으며 1966년 출시된 144모델에는 네 개의 바퀴에 디스크 브레이크와 충격을 흡수하는 크럼블존 을 장착하였고, 144와 164모델이 1970년대 미국의 교통 안전 기준을 모두 충족시키며 ‘안전한 차’라는 브랜드 이미지가 더욱 강화되었다.

1979년 승용차 사업 부문의 강화를 위해 르노자동차의 출자를 받아 승용차 부문을 독립 운영하기 시작했으며, 미국의 트럭 제조사인 화이트 모터를 인수하였다. 1982년 볼보는 지주회사 체제로 전환하였는데 볼보 그룹(Volvo AB)아래 볼보자동차, 볼보트럭 등의 자회사를 두었다. 1999년 볼보 그룹은 포드사에 볼보자동차를 65억 달러에 매각하였다. 포드그룹에 편입된 볼보자동차는 변화 없이 상대적으로 뒤쳐지던 투박한 디자인 때문에 2005년 이후 매년 적자에 시달리게 되었고 포드그룹 또한 글로벌 금융위기와 재정위기에 빠지며 볼보자동차를 2010년 중국의 지리 그룹에 18억 달러에 매각하였다. 매각 협상을 통해 포드는 볼보자동차의 기술에 대한 기존의 소유권을 유지하였고, 지리는 볼보자동차의 기술 사용권을 얻게 되었다.

'볼보'는 라틴어로 '나는 구른다'라는 뜻이며, 볼보의 엠블럼은 최초의 모회사인 SKF와의 관계를 기념하는 의미에서 회전하는 베어링을 형상화한 화살표 문양의 엠블럼을 제작했다.",https://i.namu.wiki/s/673ae4b2dc83273daa437c682f101674ae8a24fe40fef8fe5ab6dd980e4a423d067e9d7dec1f3d4aada2d9d3b345d837d6837d4587b69beb2be812f46ab950804cda2f3846863c4f6a06b4b3be60af273d12f5081b7c1db0d91da5dfeaf0af43
36,폴스타,스웨덴 베스트라예탈란드 주 예테보리,저장지리홀딩그룹,2017-01-01,,토마스 잉엔라트,전기차 제조업,,"볼보의 전기자동차 전용 브랜드로, 저장지리홀딩그룹(浙江吉利控股集团, ZGH)과의 합작사이다.

볼보 차량을 고성능으로 튜닝하여 레이싱에 참여하는 기업이었으며 2009년부터 볼보의 공식 파트너로서 Polestar Performance라는 브랜드로 볼보의 고성능 버전 차량을 내놓았다. 2015년에 볼보가 Polestar를 인수하여 자회사로 두고, Polestar 브랜드를 BMW M, 메르세데스-AMG와 같은 고성능 브랜드로 사용하기 시작했다.

세계적인 전동화 추세에 따라 2017년 볼보는 폴스타를 분사시켰고, 볼보의 고성능 디비전이 아닌 독자적인 전기차 브랜드로 탈바꿈했다. 분사와 동시에 토마스 잉겐라트 볼보 디자인 총괄 부사장을 폴스타의 최고경영자(CEO)로 임명했다. 볼보는 폴스타 지분의 49.5%를 소유하고 있다.

디자인에 있어서 초기 모델들은 볼보의 묠니르 헤드램프와 그릴 형태 등의 패밀리룩을 따라가고 있다.[4] 이후 프리셉트 콘셉트와 O₂콘셉트 공개 이후로 볼보의 패밀리룩의 특징이던 묠니르를 폴스타의 로고 형태로 갈라두는 등 폴스타만의 디자인 정체성을 부여하려는 시도가 나타난다. 이러한 패밀리룩의 변화는 같은 브랜드에서 독립 브랜드로 분리되는 브랜드들에서 공통적으로 나타기도 하는 특징이다. 현대자동차의 제네시스나 시트로엥의 DS 오토모빌 역시 같은 과정을 겪은 적이 있다.

차량의 디자인, 설계, 안전 테스트 등의 모든 기업 업무는 스웨덴 예테보리 본사에서 진행한다.",https://i.namu.wiki/s/3e18cff95082d1c24b14216d2472143b084d29c0edb5aad5a80f6904aef34a8abe713bf6a7408e4506b19bfe5dff2eaded3752ffe30b114d1f5de303e503198410c0b20a6d975552520529d0046e4ee10258c7c646aed8d6c26033d7b051b5cc
37,재규어,영국 웨스트미들랜즈주 코번트리 휘틀리,타타자동차,1922-01-01,"윌리엄 라이온즈, 윌리엄 웜슬리",에이드리언 마르델,고급 승용차 제조업,The Art of Performance,"재규어는 영국 럭셔리 승용차 제조업체로, 현재 랜드로버와 함께 인도의 타타 모터스의 계열사이다. 1922년 모타사이클 매니아 윌리엄 라이온스가 사이드카 제작업자인 월리엄 웜슬리와 함께 설립한 스왈로 사이드카 사(Swallow SideCar)가 전신이다. 초기에는 모터사이클 사이드카를 제작하였으나 자동차차체 제작 산업의 성장 가능성을 높이 평가한 윌리엄 라이온스가 1931년 ‘미니’ 브랜드 전신인 오스틴모터의 히트작 ‘오스틴 세븐’에 자체 제작한 차체를 얹은 SS1을 런던 모터쇼에 공개하면서 큰 성공을 거두었다. SS1의 외관은 벤틀리와 유사했으나 가격은 그의 1/3 밖에 되지 않았다.

SS1의 성공을 기반으로 윌리엄 라이온즈는 자동차를 제작하는 회사로 방향을 잡게 되며 공동 창업주 윌리엄 웜슬리와 결별하게 되었다. 1935년 2.5ℓ 엔진을 장착한 SS재규어를 출시했고, 1936년 SS100을 인기리에 시장에 내놓았다. 2차대전 종료된 1945년, 영국인들이 극도로 싫어했던 나치의 특수부대 슈츠슈타펠(Schutz Staffel)과 동일한 명칭 ‘SS’를 제외하고 회사명을 지금의 재규어로 변경하였다. 1948년 라이온즈가 직접 디자인한 XK120부터 XK140, XK150, E-Type을 출시하여 큰 성공을 거두면서 세계적인 자동차 브랜드로 성장했다. 1950년대에는 레이싱카 개발에 나서면서 최초로 4륜 디스크 브레이크를 장착한 C-Type과 D-Type을 출전시켜 1951년 르망 24시 레이스에서 C-Type으로 첫 우승을 시작으로 1953년, 1955년~1957년 포함하여 5회 우승을 장식하는 성과를 나타냈다. 르망 24시 레이스는 프랑스 르망에서 개최되는 경주대회로 24시간 동안 서킷을 가장 많이 달린 경주차가 우승하는 방식이다. 따라서 이 대회에서 우승한다는 것은 주행 성능과 차량의 내구성이 우수하다는 것을 뜻한다. 윌리엄 라이온즈는 이러한 스포츠카 생산보다 최고급 수준의 역동적인 세단 생산에 더 큰 의지를 가지고 있었고 Mark VII, VIII, IX, 그리고 컴팩트 MKⅠ, MKⅡ, 그리고 XJ6, XJ12 등의 편안하고 핸들링이 우수하며 높은 성능을 지닌 모델들을 출시하며 브랜드 이미지를 고급화시켰다. 또한, 세계 최대 자동차 시장인 미국에서의 판로를 확대하였고 1960년 영국의 프리미엄 브랜드인 \\\'다임러\\\'를 인수하였다.

재규어는 프레스트 스틸(Pressed Steel)이라는 업체로부터 바디를 공급받아 왔으나, 프레스트 스틸이 BMC(British Motor Corporation: 미니의 전신)에 인수되면서 BMC로부터 회사를 자신들에게 매각하라는 압박을 받았다. 은퇴가 얼마 남지 않은 상황에서 후계자가 없었던 윌리엄 라이온즈는 기업 체계를 단단히 하고자 1966년 BMC로 재규어를 넘겼다. BMC와 프레스트 스틸, 재규어가 합병하면서 BMH(British Motor Holdings)로 사명을 변경하였고 1967년 ‘로버그룹’을 인수한 ‘레일랜드 모터스’에 이듬해 합병되었다. 레일랜드 모터스는 BMH를 합병하면서 사명을 ‘브리티시 레일랜드’로 변경하였고 이때 재규어에서 선보인 모델이 30여년동안 생산되어 큰 인기를 구가한 XJ6 Saloon이다. XJ6의 성공에도 불구하고 브리티시 레일렌드는 경영진의 갈등, 노사분규, 재정 문제 등 복합적인 문제가 표출되었고 이러한 결과로 1975년 국유화되었다. 이후, 재규어는 1984년 마가렛 대처의 민영화 정책에 따라 재규어자동차로 분리되면서 민영화 되었다. 1980년대 후반, XJ40와 XJS 등을 출시하면서 신뢰성 회복을 위해 노력하였고 1988년 르망 24레이스에서 XJR-9LM 모델로 31년만에 우승하는 등 과거의 명성을 조금씩 회복하였다.

1989년 포드가 미국과 영국의 투자자로부터 재규어의 주식을 매입하며 포드에 합병되었다. 포드 산하에서 재규어는 S-Type과 X-Type를 발표하였으나 저조한 판매 실적을 기록했다. 1999년 포드의 인수합병의 결과로 링컨, 머큐리, 애스턴마틴, 랜드로버, 볼보와 함께 프리미어 오토모티브 그룹(Premier Automotive Group: PAG)으로 편입했으나, 꾸준히 대두된 품질 문제와 이에 따른 판매 실적 악화, 글로벌 금융위기에 따른 포드의 경영 위기 등으로 랜드로버와 함께 인도의 타타그룹에 2008년 3월에 23억 달러에 다시 매각되었다. 타타그룹은 두 회사의 통합 법인인 재규어랜드로버 Automotive PLC를 출범시켰다. 타타그룹은 재규어랜드로버의 독자경영을 보장하며 20억 파운드를 신차 개발을 위해 투자했고, 타타그룹에게 디자인 전권을 위임 받은 이안칼럼 주도하에 재규어는 기존의 클래식한 디자인에서 탈피하여 2008년 중형세단 XF를 출시하였고 시장에서 호평을 받았다. 이후 2010년 대형세단 XJ를 공개하는 등 과거의 명성을 되찾기 위한 노력을 기울이고 있다.

재규어라는 이름은 세계 1차 대전 당시 영국과 프랑스가 합작하여 제작된 전투기의 이름에서 유래된 것으로 초기 엠블럼은 한마리 재규어가 앞으로 돌진하는 모양의 조각상이었으며 이후, 세련된 유선형의 재규어 두상으로 엠블럼이 변경되었다. 이 엠블럼은 회사의 명칭을 상징하며, 재규어 자동차의 힘과 속도를 표현하고 있다.",https://i.namu.wiki/s/943fd71a78a318f8e0e6322b779c5c11ad6579b7c1400a149e21f4fa2649982347dc5626b73c53e09c8fe83d8d2845e8e40d52b9ffc20562d3c9a541c6381e980d7d9a2754970d4f7110bcaa40d661883739b7270caab63771f92095890122d3
38,미니,영국 옥스퍼드셔주 옥스퍼드,BMW 그룹,1969-01-01,영국 자동차 법인,피터 슈바르첸바우어,자동차 제조업,PLEASE DO NOT TEASE OR ANNOY THE MINI,"1913년 윌리엄 모리스가 설립한 모리스(Morris)가 허버트 오스틴이 1905년 창립한 오스턴 모터를 1952년 인수한 뒤 회사 이름을 브리티시 모터 코퍼레이션(British Motor Corporation : BMC)으로 변경하였다. 합병 전 모리스는 ‘모리스 마이너’라는 자동차를 생산하여 영국 최초로 100만대 이상의 판매실적을 기록하기도 하였고, 오스턴 모터는 ‘오스틴 세븐’을 발표하여 엄청난 인기와 함께 자동차의 대중화에 크게 이바지 했던 업체였다.

1956년, 이집트의 수에즈 운하 국유화에 따른 영국과 프랑스, 이스라엘의 수에즈 운하 침공으로 발발한 제2차 중동전쟁의 영향으로 유가가 폭등하게 되었다. 이에 따라 저연비 차량에 대한 관심도가 높아졌으며, 1957년 BMC의 회장 레오나드 로드가 알렉 이시고니스에게 3.05m 길이의 작은 차에 성인 4명이 탈 수 있는 차를 만들어달라고 의뢰하였고, 엔진을 세로가 아닌 가로로 놓는 방식을 사용하여 1959년 8월 26일에 미니가 출시되었다. 출시 후 미니는 전신사의 히트 모델인 ‘오스틴 세븐’과 ‘모리스 마이너’로 똑같은 차가 이름만 다르게 선보였다가 1969년 ‘MINI’라는 독자적인 브랜드로 탄생하게 되었다.

1960년대 당시 레이싱카 제작자 존 쿠퍼는 알렉 이시고니스와 함께 ‘미니쿠퍼’ 를 제작했다. 1963년, 보다 강력한 성능의 새로운 ‘미니쿠퍼S’가 출시되었고 이 모델로 몬테 카를로 랠리에서 1964년, 65년, 67년에 우승함으로써 미니는 안정성과 성능을 동시에 인정받게 되었다. 미니 브랜드 제조사인 BMC는 1966년 재규어를 합병하면서 BMH(British Motor Holdings)로 사명을 변경하였고 ‘로버그룹’을 1967년 인수한 ‘레일랜드 모터스’에 합병되었다. 레일랜드 모터스는 BMH를 합병하면서 사명을 ‘브리티시 레일랜드’로 변경하였다가 1980년 해체되었다. 해체 후, 로버그룹으로 회사명을 전환하였으나, 경영실적 악화로 1994년 BMW에 인수되면서 미니는 현재와 같이 BMW그룹 산하의 브랜드가 되었다.

2001년에 신형미니가 출시되었는데 차체는 클래식 미니보다 커졌으나 디자인의 큰 변화는 없었고 2007년에 2세대 미니가 출시되었다. 2세대 미니는 전체적인 크기가 더 커졌고 PSA와 공동 개발한 4기통 엔진들을 사용했으며 쿠퍼외에 해치백, 클럽맨, 컨버터블 등 7종의 라인업으로 확장되었다. 2014년 3세대 미니가 출시되어 현재까지 시판 중이다. 현재의 미니의 엠블럼은 BMW로 인수가 된 후부터 사용되기 시작했는데 ‘MINI’라는 글자를 은색 테두리와 날개가 둘러싼 형상이다. 날개는 스피드와 민첩성, 파워, 자유를 상징하고 은색 컬러는 웅장함과, 정교함을 나타낸다.",https://i.namu.wiki/s/5b9d034458e3dd436f0470e1038626df77bb0798484c72b88e3e37bfcf684bdf65ec425dc0e53e4b1f269c3037c02dbba567b70e0a48ec808375b456f11894bef803d8013078ac1fb1e31a6d48d32b943e412751dd9b3ca1deceb1815ccc891d
39,벤틀리,영국 잉글랜드 크루,폭스바겐 그룹,1919-07-10,벤틀리 형제,에이드리언 홀마크,고급 자동차 제조업,"Good car, Fast car, Best car","롤스로이스, 마이바흐와 함께 세계 3대 명차로 꼽히는 벤틀리는 폭스바겐AG 산하에 있는 영국 크루에 본사를 둔 최고급 자동차 제조업체이다. 1912년 월터 오웬 벤틀리는 그의 형제, 호레이스 밀너 벤틀리와 프랑스의 DFP(Doriot, Flandrin & Parent)의 자동차를 수입해 런던에서 판매하는 사업을 하였다. 레이스에 관심이 많았던 오웬 벤틀리는 DFP를 개조해 ‘애스턴 클린튼 힐’ 레이싱 대회에 출전하여 기록을 경신하며 우승하였다. 1차 세계대전이 발발하자, 벤틀리는 항공기용 로터리 엔진을 제작하여 납품하였고 이에 대한 호평으로 자동차 제조에 자신감을 갖게 되었다.

1차 세계대전 종료 후, 1919년 1월, 오웬 벤틀리는 벤틀리모터스(Bentley Motors Ltd)를 세우고 벤틀리 최초의 자동차 ‘3리터(3-liter)’를 출시했다. 3리터는 2996cc 직렬 4기통 엔진을 장착하였고 최고시속 129km/h를 기록한 모델로, 1921년 레이싱 경주에 출전하여 프랑스의 부가티를 제치고 우승을 차지했으며 1924년과 1927년 두 차례 르망 24시 레이스에서 우승했다. 뒤이어 출시된 ‘4.5리터’로 1928년 다시 한번 우승을 차지했고, ‘6.5리터’로 1929년, 1930년 연속 우승하는 등 1920년대 르망 24시 레이스에서 5회 우승, 4년 연속 우승이라는 기록을 세우며 당대 최고의 브랜드로 기술력을 인정받게 됐다.

벤틀리는 수공 생산에 따라 재정적으로는 지속적인 압박을 받았고 - 1925년 울프 바나토에게 경영권이 인수되었고, 호레이스 밀너 벤틀리는 회사를 떠났다. - 1920년대 말 경제대공황이 닥치며 1931년 최대주주 바나토의 지원도 중단됨에 따라, 거의 파산에 이르게 되어 결국 롤스로이스에 인수되었다. 롤스로이스 산하에서 벤틀리는 엔진과 섀시를 공유하며 롤스로이스 차량을 개조한 모델을 출시하는 형태의 사업영역을 영위하게 되었고, 창업자 월터 오웬 벤틀리도 1935년 회사를 떠났다. 롤스로이스로 회사가 넘어간 뒤 처음 출시된 3.5리터에는 롤스로이스 엔진이 탑재되었으며, 벤틀리 S시리즈는 롤스로이스 실버 클라우드 모델과, 벤틀리 T시리즈는 롤스로이스 실버 섀도우와 각각 엔진을 공유하며 상응하는 모델로 출시되었다. 1980년 이후, 롤스로이스는 벤틀리의 독립성을 인정하기로 결정한 이후 ‘뮬산(Mulsanne)’이 출시되면서 벤틀리의 부활이 시작되었다. 이후, 컨티넨탈R, 컨티넨탈T 등을 출시하며 롤스로이스의 판매량을 넘어서기 시작했다.

1998년 롤스로이스의 소유주 비커스의 ‘롤스로이스-벤틀리’ 매각 경쟁에서 벤틀리와 크루 공장은 폭스바겐으로 롤스로이스는 BMW로 소유권이 넘어가게 되었다. 벤틀리의 새 주인이 된 폭스바겐은 벤틀리의 생산 능력을 향상시키고 설비의 현대화를 진행하였고 벤틀리는 첫 모델 아나지에 이어 2003년 컨티넨탈 GT를 출시하였다. 이 모델을 통해 벤틀리는 브랜드 정체성을 확고히 다질 수 있었으며 7년간 2만 3천여대가 판매되었다. ? 1919년 설립 후, 2003년까지 벤틀리가 판매한 차량 대수는 1만 6천여대로, 84년간의 기록을 7년만에 갱신하였다. ? 이후, 컨티넨탈 플라잉스퍼, 컨티넨탈 GT 컨버터블을 출시하여 인기를 누렸고 옛 명성을 완전히 회복하였다.

‘플라잉 비(Flying B)라 불리는 벤틀리의 엠블럼은 벤틀리 이니셜 ‘B’를 가운데에 두고 새의 날개를 형상화한 모습으로 좌측 깃털이 9개, 우측이 10개로 깃털 수가 다르며 벤틀리가 세상에 나래를 펼친다라는 의미를 담고 있다. 여담으로, 벤틀리 차 한대에는 평균 소 12마리의 가죽과 6.5㎡ 넓이의 목재가 사용되며, 벤틀리의 플래그쉽 '뮬산'을 제작하는데 소요되는 시간은 400시간이라고 한다.",https://i.namu.wiki/s/900ea40af1258bfc2a541104aefd2b7d701f16b23bc8f911fd36d041d07658739b40d86bc5f0bdf31c8f4fc98d611b67e21a33e3c2f08b26c032bfe250d795a95cf68a5ddd623730ca19133fdc4be3adbae4a68a28f704f95b73388d1e25bd3a
40,맥라렌,영국 서리주 워킹,,1985-01-01,론 데니스,폴 왈쉬,슈퍼카 제조업,Be Brave,"맥라렌은 레이서 겸 엔지니어였던 브루스 맥라렌의 이름에서 유래된 회사로 현재 소유주는 1985년 론 데니스가 설립한 맥라렌 테크놀러지 그룹이다. 맥라렌 테크놀러지 그룹 산하에 포뮬러1 레이싱팀 맥라렌 레이싱과 고급 스포츠카 전문 제조업체 맥라렌 오토모티브 등이 있다.

1963년 영국의 쿠퍼팀에서 활동하던 브루스 맥라렌은 팀의 오너였던 찰스 쿠퍼와의 의견 충돌로 팀을 나와 ‘브루스 맥라렌 레이싱 팀’을 창설하였다. 1966년 모나코 GP에서 F1에 데뷔하였으며, 르망24레이스와 캔암(CAN-AM : Canadian-American Challenge Cup)에도 출전하였다. 브루스 맥라렌은 2년 뒤 벨기에 GP에서 첫 우승을 기록했다. 그는 로드용 차 개발에도 뛰어들었는데 자신이 개발한 차를 가지고 르망24레이스에 출전하려 했으나 50대 이상 생산된 차만이 출전할 수 있다는 규정에 의해 실패하고, M6GT 개발에 착수했다. 하지만, 브루스 맥라렌은 1970년 캔암에 출전하기 위해 굿우드 서킷 우드코트에서 맥라렌 M8D를 테스트 하던 중 벙커에 충돌하며 31세의 젊은 나이로 사망했고, M6GT 프로젝트도 2대만 생산되며 사라졌다.

팀의 기둥이 사라졌으나, 맥라렌 레이싱 팀은 혁신적 설계와 팀 운영 노하우를 바탕으로 수많은 우승을 거뒀다. 니키 라우다, 알랭 프로스트, 아이르통 세나 등 뛰어난 레이서들이 맥라렌 팀과 함께 했으며, F1 외에도 인디500, 캔암 레이스 등 북미권 레이싱대회에도 꾸준히 출전하였다. 2014년까지 맥라렌 레이싱 팀은 그랑프리 182승을 비롯하여 8번의 컨스트럭터 챔피언과 12번의 드라이버 챔피언에 등극하는 위대한 역사를 보여주고 있다. 맥라렌의 사망 후, 맥라렌 레이싱 팀은 테디 메이어라는 미국 사업가에 인수되었다가, 1981년 담배회사 말보로의 개입으로 론 데니스의 ‘프로젝트 4 레이싱’에 인수되었다.

론 데니스는 2008년까지 맥라렌 레이싱 팀을 훌륭하게 이끌 었으며, 1985년 맥라렌 테크놀로지 그룹을 설립했고, 1989년에는 로드용 스포츠카 전문 제조업체 맥라렌 오토모티브를 새웠다. 맥라렌 오토모티브는 1992년 전설적인 자동차 디자이너 고든 머레이가 디자인한 맥라렌 F1을 공개했다. 맥라렌 F1은 3인승 설계의 차량으로 최고속도 386km/h, 제로백 3.2초의 당대 최고의 슈퍼카였다. 1998년 단종 때까지 106대만 생산되는데 그쳤지만 뛰어난 성능과 명성으로 슈퍼카 역사에 큰 족적을 남겼다. 2003년 전략적 제휴 관계에 있던 메르세데스 벤츠의 SLR 맥라렌 개발에 참여한 것 외에는 로드용 고유 모델을 출시하지 못했던 맥라렌은 2011년 MP4-12C (이후, 12C로 모델명을 변경했다.)를 공개했으며, 13년 제네바 모터쇼에서 375대만 한정 생산하는 PHEV 하이브리드 슈퍼카 P1을 공개하는 등 로드용 차량 제작에 속도를 내고 있는 모습이다. 14년에는 12C 후속 650S를 출시했고, 향후 2020년까지 최대 10종 이상의 신모델을 공개할 예정이다.",https://i.namu.wiki/s/6563fd267b21c80bff8785ce8bf656400788eb33cd46bc892f691285adcacadcde3c6eddab204fd0f088baeace7f4688b8764dcd91af88e64c8ce07c4c8b55e42940dcf8682f6f6eccdadfef784c64881ae255642f8f6d9e1557d0bdaff1dc43
41,람보르기니,이탈리아 에밀리아로마냐주 볼로냐,폭스바겐 그룹,1963-05-01,페루치오 람보르기니,슈테판 빙켈만,"트랙터, 스포츠카 제조업",Expect the Unexpected,"람보르기니는 폭스바겐 산하 아우디의 자회사로서, 이탈리아 볼로냐를 거점으로 하는 스포츠카 전문 제조업체로, 정식명칭은 Automobili Lamborghini S.p.A.이다. 창립자인 페루치오 람보르기니는 제2차 세계대전 종료 후인 1946년 농업 기계회사를 설립하여 디젤엔진 트랙터를 생산하여 큰 수익을 얻었으며, 이후 가스히터와 에어컨디셔닝 시스템 제작으로 사업을 확장하여 큰 성공을 거두었다.

페루치오 람보르기니는 꿈꿔왔던 알파로미오, 마세라티, 메르세데스 벤츠, 페라리 같은 고급 자동차를 소유하면서 자동차에 대한 관심을 키우다가, 직접 스포츠카 제작 시장에 뛰어들기로 결심하였다. ? 페루치오 람보르기니가 페라리의 클러치 결함을 알리러 갔다가 문전박대를 당했다거나, 엔초 페라리에게 “트랙터나 만들어라.”라고 들은 말에 격분한 람보르기니가 스포츠카 제작을 위해 람보르기니를 창업했다는 내용은 실제로 확인할 수 없는 설이다. 오히려, 업계의 후발주자인 람보르기니가 슈퍼카 시장에서 명성을 떨치던 페라리와 라이벌 관계를 생성하는 마케팅 차원에서 이러한 일화를 만들어 냈다는 주장이 더욱 신빙성이 있다고 본다. ? 1962년에 페루치오 람보르기니는 볼로냐 인근에 공장을 건설하고, 이듬해 ‘오토모빌리 람보르기니’를 설립했다.

1964년 제네바 모터쇼에서 람보르기니는 지오트 비자리니가 설계한 12기통 3500cc DOHC엔진을 장착한 350GT를 공개하여 뜨거운 반응을 받았고 후속 모델 400GT까지 잇따라 성공시켰다. 1966년 제네바 모터쇼에서 공개된 미우라는 V12 4000cc엔진을 탑재하였고 제로백이 6.2초, 최고속도 시속 280km로 당시 세계 최고속도를 기록한 스포츠카였다. 미우라는 로드용 스포츠카 최초로 미드쉽이라는 엔진 배치 방식을 채택하였고, 공개부터 큰 인기를 나타내어 1970년에는 누적 400대 판매를 돌파했다. 미우라의 인기로 회사 설립 후 최초로 이익을 남기기 시작했으나, 페루치오 람보르기니에게는 시련이 찾아왔다. 병행하던 트랙터 사업에 대한 대규모 투자에도 불구하고 대량의 주문이 취소되면서 큰 자금을 잃었으며, 결국 1972년 이탈리아 트랙터회사 Same에 트랙터 공장을 매각하게 되었다. 트랙터 회사 매각 후, 사업에 흥미를 잃기 시작해 람보르기니의 지분 51%를 스위스 사업가 조르주 앙리 로세티에게 매도했고, 1973년 오일쇼크와 경제불황이 닥치자 나머지 49%의 지분도 르네 라이머에게 넘긴 후 은퇴했다.

1974년 람보르기니 미우라의 후속으로 람보르기니 쿤타치가 생산되기 시작했다. 쿤타치는 직선을 강조한 디자인과 시저스 도어의 도입, 최고시속 300km/h의 뛰어난 성능으로 엄청난 반향을 일으켰으며, 람보르기니 전통 디자인의 효시가 되었다. 쿤타치의 성공적인 시장 진입에도 불구하고 경영난에 의해 람보르기니는 1978년 파산하였고 1980년부터 스위스의 밈람 형제가 경영을 총괄하였다. 밈람 형제는 1984년 람보르기니를 인수하였고 ‘치타’와 ‘’잘파’를 출시하였다. 람보르기니의 회생을 이끈 밈람 형제는 람보르기니의 성장을 위해 천문학적인 자금이 필요한 상황을 인지하고, 1987년 크라이슬러에 람보르기니를 넘겼다. 크라이슬러 산하에서 람보르기니는 1990년, 492마력의 12기통엔진을 장착한 슈퍼카 디아블로를 출시해 큰 성공을 거두었다. 하지만 모회사 크라이슬러의 재정난에 따라 1994년 인도네시아 부호 토미 수하르토가 이끄는 투자자 그룹에 매각이 되었고, 이 토미 수하르토 역시 90년대 후반 경제위기로 디아블로 후속모델 개발비용을 감당할 수 없게 되자 1998년 8월 아우디에 람보르기니를 매각하였다. 아우디 체제 ? 넓게 보면 폭스바겐 산하 ? 에서 람보르기니는 2001년 무르시엘라고, 2002년 가야르도를 잇따라 성공시키며 제2의 성장기에 들어섰다.

람보르기니의 엠블럼은 ‘Fighting bull’이라고 불리는 황소로 창업자인 페루치오 람보르기니의 별자리인 황소자리를 본 떠 만들었다. 람보르기니의 모델명도 쿤타치를 제외하고는 모두 황소의 이름이거나 황소와 연관된 이름을 상용하고 있다. 참고로, 쿤타치는 이탈리아의 감탄사에서 기원한다.",https://i.namu.wiki/s/9490375591ab13cb7fc3e7702b51347433190ad30b36b4343ff7c473dfea0847d048f60f0c4c32cd21b4642f9a271ae3e715667dff665abd8fb32ff9da5678b3fd265d05b025491771b6d912c03d4147d22e9acbba6aa489abbf14efb807a60c
42,시트로엥,프랑스 일드프랑스 센생드니 생투앵쉬르센,스텔란티스,1919-03-01,안드레 시트로엔,뱅상 코비,자동차 제조업,Crative Technologie,"시트로엥은 프랑스의 자동차 제조업체로 PSA 푸조 시트로엥 그룹의 자회사이다. 앙드레 시트로엥은 쉐브론 모양으로 된 더블헬리컬기어 제조 방법을 발견하고 기어제작소를 설립하였다. 기어를 자동차회사에 납품하던 중 1908년, 거래처인 모르 자동차에 고용되면서 자동차 제작에 대한 생각을 갖게 되었다. 1913년, 회사를 나와 시트로엥 기어제작소를 설립, 이듬해 제1차 세계대전이 발발하자, 포드를 견학하면서 깨우친 대량 생산법을 도입해 군수물자를 공급하면서 많은 수익을 얻었다.

이를 바탕으로 1919년 ‘시트로엥 자동차회사’를 설립하였으며 첫 모델인 10마력 4기통 1.4L엔진을 장착한 유럽 최초의 양산차 ‘Model A’를 출시하였다. 르노, 푸조 등보다 후발주자였던 시트로엥은 1921년 ‘Model B2’가 출시되자, 브랜드 인지도 상승 및 자동차의 견고함을 알리기 위해 세계 최초로 사하라 사막을 횡단하였다. 1922년에는 유럽의 자동차 대중화를 이끈 ‘Model C’를 생산하였고, 1925년에는 프랑스 최초로 순 강철로 제작된 시트로엥 B12를 출시하고 코끼리를 차 지붕에 얹고 시내를 주행하였다. 이후, 시트로엥은 자동차 업계 최초로 애프터 서비스를 도입하는 등 자동차 산업의 새로운 트렌드를 만드는 브랜드로 발돋움하였다. 이런 노력의 결과로 시트로엥은 1930년 8만대 이상 판매되며, 르노(6만대), 푸조(5만대)보다 많은 판매량을 기록했다.

1934년에 그 당시에 혁신적이었던 전륜구동 방식, 유압식 브레이크 장착, 모노코크 구조와 뛰어난 디자인까지 갖춘 트락숀 아방(Traction Avant)이 출시됐다. 아이러니하게도 그 해, 앙드로 시트로엥이 르노의 책략에 넘어가 화려한 공장을 3개월만에 건설하는 등 과도한 투자와 연구개발비로 인하여 시트로엥은 파산하게 되었다. 결국 시트로엥은 프랑스 자본계인 타이어 회사 미쉐린(Michelin)으로 인수되었고 앙드레 스트로엥은 1935년 사망하였다. 트락숀 아방은 1957년까지 23년간 생산되며 76만여대가 판매되는 실적을 기록하였다. 2차 세계대전 종료 후, 1948년 파리살롱에서 시트로엥은 TPV(Toute Petite Voiture: '매우 작은 차'라는 프랑스어)라고 언급한 2CV를 발표하였고 이 2CV모델은 높은 판매실적을 올렸는데, 1990년까지 387만여대가 판매되었다. 1955년에 발표된 시트로엥DS는 첫날 12,000대가 계약되기도 하는 등 1975년까지 145만여대가 판매된 명차였으며 2009년에 프리미엄 서브 브랜드로 35년만에 부활되어 지금도 판매되고 있다.

시트로엥은 1950년대 연간 20~30만대, 1960년대에는 40~50만대의 자동차를 생산하였으며 1968년에는 이탈리아의 스포츠카 생산업체인 마세라티를 인수하였다. 1970년대에도 2CV와 DS의 간극을 메울 중형 시트로엥 GS를 출시하며 판매에 호조세를 보였으나 1973년 제1차 석유파동이 터지며 점차 폭스바겐의 비틀과 미니 등에게 밀리기 시작했다. 여기에, 엔진 벤처 기업(Comotor SA)에 대한 투자실패와 1970년까지 중형급 모델 부재, 과도한 투자비로 인해 시트로엥은 파산을 신청했다. 프랑스 정부의 제안에 따라 푸조가 시트로엥의 지분을 38.2% 매입하면서 푸조 산하로 들어가게 되었고, 1976년에는 푸조가 89.95%의 지분을 매입하고 PSA 푸조 시트로엥 그룹을 설립하게 되었다.

1975년 시트로엥은 마세라티를 데토마소에 팔았으며 1976년에서 1979년 사이, 시트로엥은 성공적인 모델 GS와 CX를 시장에 출시하였다. 1982년에는 시트로엥 역사상 외장 디자인을 외부에 맡긴 모델이며, GS모델과 CX모델 사이의 미들 클래스인 BX가 출시되었다. BX는 1996년 후속 모델 쟌티아가 발표되며 단종되었고 1989년 최상위 모델인 XM이 출시되어 1990년 유럽 올해의 차에 선정되었다.

시트로엥의 엠블럼은 V자 거꾸로 두개 겹쳐져 있는 모양으로 앙드레 시트로엥이 개발한 쉐브론(갈매기) 모양의 기어의 톱니바퀴에서 착안하여 엠블럼을 만들었으며 신뢰, 강인함, 혁신을 나타낸다.",https://i.namu.wiki/s/78167757cdd428d47f0fb8a5c9c7291cdade49c7e552776405a7c5fd57c7d5ca596b35aeae0d895f09f6ab8fb242d232bf6cf16186d6a4bff07917f18a28ccc7962fe50adcea0b78d27fa6f5bf05544a3d806fe4f69f5fb616e7466fb1731ebb
43,푸조,프랑스 두주 소쇼,스텔란티스,1810-01-01,아르망 푀조,린다 잭슨,자동차 제조업,Motion & Emotion,"푸조는 프랑스 자동차 브랜드로, PSA 푸조-시트로엥의 자회사이다. 우산, 커피메이커, 철 등을 제조하던 푸조가에서 설립된 것으로 이 집안 계승자였던 아르망 푸조가 1871년 프랑스로 돌아온 후, 집안 사람들을 설득해 자전거 제작 사업에 뛰어든 것이 시초였다. 1890년 다임러와 가솔린 내연엔진 공급 계약을 맺고 사륜차를 제작하다가 1896년 자체 엔진을 개발하면서 다임러에 의존하지 않게 되었으며, 푸조 가문에서 독립하여 푸조자동차(Soci?t? des Automobiles Peugeot)를 세웠다.

1912년, 세계 최초로 DOHC엔진을 개발하였으며 2013년 에토레 부가티가 디자인한 855CC 4기통 엔진을 탑재한 소형차 베베(BeBe)를 출시하였다. 이를 통하여 미국의 인디애나 폴리스 500, 유럽의 각종 랠리와 그랑프리에서 뛰어난 성적을 기록하며 성능과 내구성의 우수함을 입증하였고 1년만에 3천대가 팔리는 등 인기를 나타냈다. 세계적인 경제 대공황으로 프랑스 자동차 산업도 불황에 빠졌으나 1929년 그 당시 프랑스에서 가장 가격이 낮았으며 세계 최초 전륜 독립식 서스펜션을 장착한 푸조 201과 1934년 최초의 하드탑 컨버터블 모델인 402 이클립스를 발표하며 살아남았다. 뒤를 이어, 푸조 202는 1939년에만 5만 2천여대가 팔렸으며 2차 세계대전 종전 후인 1949년까지 생산되며 꾸준한 인기를 기록했다. 1947년 공개한 푸조 203은 푸조 모델 중 최다 판매 기록을 경신하며 전후 푸조의 재건에 결정적인 공헌을 했으며 이의 성공을 바탕으로 1955년 푸조는 중형세단 푸조 403을 발표했다. 1958년부터 미국에 차량을 수출하기 시작했으며, 1963년부터 1968년 사이 4차례나 East African Safari Rally에서 우승을 기록한 푸조 404를 1960년에 출시했다.

1974년 석유파동으로 재정 문제에 빠진 시트로엥의 지분을 30% 인수하였으며, 1976년 시트로엥을 완전히 인수하여 푸조-시트로엥 그룹으로 전환하였으며, 1978년 크라이슬러의 유럽 사업부문을 인수, 인수한 사업부문의 사명을 ‘탈보’로 변경하였다. 1935년에 설립된 프랑스 자동차 업체인 심카를 인수하였으며 1984년 중국 둥펑자동차와 둥펑 푸조-시트로엥 합자회사를 설립해 중국 시장에 진출하였다. 유럽연합 출범 후, 시장이 통합되면서 독일의 업체들과 르노의 선전에 따라 PSA의 프랑스 시장 점유율은 하락하기 시작하여 1993년 30%가 무너졌다. 수출 부진까지 겹치자 1991년 미국시장 1997년 중국과 인도 시장에서 사업을 정리하였다. 2000년대에 들어와 고유가 등의 원인으로 인한 디젤 모델의 판매가 증가하면서 디젤엔진 기술력이 뛰어난 푸조-시트로엥의 판매실적이 재차 회복세를 보이기도 했으나 2002년 영업이익을 정점으로 재차 실적이 하향하기 시작하였다. 유럽의 경기침체와 맞물려 내부디자인 및 소재의 고급화라는 시대의 흐름을 읽지 못한 것이 원인으로 작용하였고, 2009년에는 6억 9,000만 유로의 영업적자를 기록했다.

2014년 2월 푸조-시트로엥의 최대주주인 푸조가문은 중국의 둥펑과 프랑스 정부의 투자를 받기로 결정하였으며 지분을 25%에서 14%로 줄이고 이사회 멤버도 4명에서 2명으로 줄였다. 둥펑과 프랑스 정부는 각각 13%씩 지분을 보유하게 되었고 이사회에 똑같이 2명씩 참여하게 되었다. 앞으로 10년간 푸조가문과 둥펑, 프랑스 정부는 푸조-시트로엥의 지분을 늘릴 수 없도록 장치를 마련해 두었다. 10년 후, 이들이 펼칠 지분 싸움은 푸조-시트로엥 그룹의 회생여부와는 상관없이 지켜볼 만한 이슈이다.

푸조의 상징인 사자 엠블럼은 ‘강인함’, ‘품질’, ‘신뢰’를 상징하는데, 기원은 1858년 에밀 푸조(아르망 푸조의 아버지)가 조각가 줄리앙 블레이저에게 의뢰하면서 탄생하게 되었다.",https://i.namu.wiki/s/63d6bef5c6337372213719dbfa54e31e6cc06ceb46758a0b19c53ddf11b05290dc00fdf79eb9e4afa0e7f7e82812bc94ce59a9057c78d97f93959a9fd2c5304fe03de7f0325187cd08ee66d00cb0541d8a9acd0836dd55dd76b05d9147eca923
44,GMC,미국 미시건주 디트로이트,제너럴 모터스,1911-01-01,윌리엄 C.듀란트,마리 바라,자동차 제조업,We Are Professional Grade,"제너럴 모터스의 SUV 및 상용차 브랜드. 주로 SUV, 밴, 픽업트럭, 버스, 트럭을 생산한다. 이름은 General Motors Commercial 또는 General Motors Truck Company의 약자. 생산 차량은 다른 제너럴 모터스 산하의 브랜드들이 그렇듯 같은 플랫폼으로 만들어진다.",https://i.namu.wiki/s/9a1c6ad61edad1cbed4c13c4085f87c9971576126d991537d5253dcbc7143aff1bf7fb97c85ccb478996fc4ecc069e17cc5520b69c3b46fb2c483573243b5b59291c55fba0e0f57050cda50c1dfeabb31275183c1f2697583ca58d9ba7dc7844
45,DS,프랑스 일드프랑스 파리,스텔란티스,2014-01-01,,이브 본느퐁,고급 자동차 제조업,Spirit of Avant-Garde,스텔란티스의 프리미엄 브랜드. 원래 시트로엥의 서브 브랜드였지만 2015년부터 독립 브랜드로 런칭했다. 이름의 유래는 앞에서 설명한 1950년대의 명차 시트로엥 DS. 2025년까지 DS 브랜드의 모든 차량을 전동화할 계획을 가지고 있다. 또한 2018년 5월에 브랜드 최초 양산형 전기차를 공개하였다.,https://i.namu.wiki/s/a0f94cca0110b898eae71c6e1f5df228528d4f144ab3b54fd2be29492150d5d169a9ff001b0479b919e553afdda2b5cd770777a170528378e77067745f7f424f60f64149c51bf0d4b6078e7a196f72293768d67773d39e65faa99e7c7e2afa4f
46,이스즈,일본 가나가와현 요코하마시,,1934-03-30,,가타야마 마사노리,"상용차, 엔진 제조업",,"일본의 자동차 제조 기업 중에서 역사가 가장 오래된 회사로, 과거부터 디젤 엔진으로 정평이 나 있으며 트럭·버스 등의 상용차를 전문적으로 생산한다.",https://i.namu.wiki/s/31bd546562492e108f7d58d72844dc40625748ef9c5b151fc2539f586cefb6d93d54fb3949050b698fc1f3eb6663673952e86b2b2fc69e55734a7df77a90283e6447d332a2d545cedec576fcd67af65732023baebf4f4333567c061e271898a2
47,애스턴 마틴,영국 워릭셔주 게이든,,1913-01-01,"라이오넬 마틴, 로버트 뱀포드",아메데오 펠리사,고급 스포츠카 제조업,"Power, Beauty, Soul","애스턴마틴은 영국을 기반으로 하는 고급 스포츠카 제조업체로 1913년 영국의 카레이서인 라이오넬 마틴과 로버트 뱀포드가 뱀포드&마틴(Bamford & Martin LTD)을 설립하여 싱어(Singer)사의 자동차를 개조하여 판매하였다. 그들은 자동차를 직접 제작하기로 결정하고 1915년 3월 ‘애스턴 마틴’이라는 첫 모델을 제작하였다. 모델명은 창업자 라이오넬 마틴의 이름과 그가 참가해 좋은 성적을 거두었던 ‘애스턴 클린트 힐' 레이싱 대회 이름을 합쳤다. 그러나, 제1차 세계대전으로 마틴과 뱀포드가 군에 입대하면서 본격적인 생산은 이뤄지지 않았고, 모든 시설들을 매각했다. 종전 후, 애스턴마틴이라는 이름으로 재설립했으나, 1920년 뱀포드가 회사를 떠났고 레이싱 드라이버였던 루이스 즈보로브스키의 도움으로 1992년 ‘뱀포드&마틴’이라는 모델을 제작하여, 브룩렌즈 내구 레이스에서 최고속도 기록을 세웠다. 모터스포츠에 적극적인 출전을 하며 힘을 썼으나, 차량 판매 실적 부진으로 1924년 파산하여 인수되었다가 1926년 재파산하며 라이오넬 마틴이 회사를 떠났다.

1926년 말 아우구스투스 베르텔리와 투자자들이 인수하여 레이싱카를 제작하고 레이싱대회에도 참가하였지만, 1932년 다시 재정난에 봉착하게 되었고 1936년부터는 로드카 제작으로 돌아섰다. 제2차 세계대전으로 인해 700대 밖에 생산되지 못했고, 전쟁 중에는 군수물품을 생산하다가 종전 후, 1947년 트랙터를 생산하던 데이비드 브라운에게 인수됐다. 데이비드 브라운은 고급차 제조기업인 영국의 ‘라곤다(Lagonda)도 인수하였고, 애스턴마틴과 라곤다는 인프라를 공유했다. 소유자의 이름을 딴 ‘DB’시리즈를 제작했는데, 1948년 DB1을 시작으로 DB2(1950년), DB2/4 (1953년), DB2/4 mark2 (1955년), DB mark3 (1957년), DB4 (1958년)등이 출시되었다. 1963년 DB5가 출시되었는데, 이 모델은 당시 ‘007 골드핑거’라는 영화에 출연하여 제임스본드가 탄 차량으로 유명세를 끌었다. 승승장구하던 시절도 잠시, 애스턴마틴은 1972년 다시 재정난에 빠져 컴퍼니 디벨롭먼츠라는 컨소시엄에 매각되었고 이후 두 차례 더 회사의 오너가 바뀌었다가 1987년 포드에게 인수됐다. 포드는 새로운 공장을 건설하고 라인업을 현대화시켰으며, 뱅퀴시, DB9 등의 모델을 출시하여 애스턴마틴의 라인업을 완성시켰으나, 경영악화로 2007년 3월, 데이비드 라차드를 위시한 컨소시엄에 매각되었으며 2012년에 컨소시엄 중 하나의 회사였던 인베스트먼트 Dar의 지분을 인베트트인더스트리얼이 인수하였다. 2013년 애스턴마틴은 메르세데스-AMG의 고성능 엔진을 새 라인업에 장착할 수 있는 계약을 다임러와 체곌하였고 다임러AG는 2014년 8월 애스턴마틴의 지분 5%를 매입하였다. 애스턴마틴과 다임러AG의 전략적 협력관계가 어떻게 나아갈지, 주목해볼 부분이다.

애스턴마틴의 앰블럼은 이집트에서 서식하는 풍뎅이의 한 종류인 스카라베라의 날개를 모티브로 제작되었는데, 스카라베라는 이집트에서 태양신의 상징으로 신성시되고 있다.",https://i.namu.wiki/s/1b5563350b61dff4150c0d14f2fa5506f47460dd8a6c7b306c6866434cabfd09efcdc62eeab7eb7b74c18205c4a6788f00398405dee94e815979ec0e84cdbb8749dfa78dbf414e89f73968c17ac0b5c59f8173db7a040078914b7547f86fd0a6
48,로터스,영국 노포크주 헤텔,저장지리홀딩그룹,1948-01-01,콜린 채프먼,펑칭펑,자동차 제조업,For the drivers,"로터스는 1952년 콜린 채프먼이 설립한 영국의 스포츠카 제조업체로 현재, 말레이시아의 프로톤(Proton Holdings) 산하에 있다. 창립자 콜린 채프먼은 런던 대학교에 재학 중 부업으로 중고차 판매업을 하는 도중, 1948년 오스틴7을 개조해 MK1을 제작하고 지역 레이싱 대회에 참가하여 우승했다. 오스틴7 엔진 파워에서는 본격적인 레이스 참전이 어렵다고 생각한 그는 포드사의 엔진을 탑재한 모델을 1949년에 완성하고 ‘로터스MK2’라고 명명했다. 1950년 MK2를 이끌고 여러 레이싱 대회에 출전하여 우승하였고, 본격적인 레이싱카 개발에 착수하여 판매를 목적으로 한 MK3, MK4 등을 제작했다.

1952년 1월, 로터스 엔지니어링을 설립하고 로터스 MK6를 개발하여 양산한다. 로터스 MK6는 1956년까지 100대 이상 판매되었고, 1957년 첫 로드용 자동차 엘리트를 공개했다. 엘리트는 세계 최초 유리섬유를 사용한 강화 플라스틱을 사용한 모노코크 구조를 채택했으며 강도가 높고 무게가 가벼웠는데, 스포츠카의 속도를 높이기 위해서 경량화가 최우선이라는 창립자의 철학이 깃들었다. 엘리트는 경량화 기술을 바탕으로 르망24 소형차 레이스에서 59년부터 6년 연속 우승을 기록했다. 채프먼은 그랑프리 레이스를 위해 1954년 팀 로터스를 창단하였고 1960년 미드쉽 구조의 타입18을 출시하였고 이차를 구입한 스털링 모스는 모나코 그랑프리에서 페라리를 누르고 우승했다. 1962년 등장한 타입25는 드라이버 짐클라크와 함께 영국, 미국, 멕시코, 벨기에 그랑프리에서 우승컵을 들었다. 로터스 팀은 60~70년대에 7번의 F1 컨스트럭터스 챔피언과 6번의 드라이버 챔피언의 기록을 달성했다. 62년도에 두번째 로드카인 엘란을 출시했는데 2세대 엘란(1989년 출시)은 단종 후 국내의 기아에서 재생산하기도 했다. 1980년대 불황에 따라 생산량이 절반 이상 감소하자, 원가절감을 위해 1982년 토요타와의 제휴를 통해 새로운 활로를 모색했으나 영국의 지원금을 받았던 DMC-12프로젝트에서 문제가 발생하며 8,400만 파운드의 과징금 징벌이 내려졌고, 재판 중 창립자 콜린 채프먼이 심장마비로 사망했다.

회사 기둥의 부재와 과징금으로 인하여 로터스는 결국 1985년 미국 GM에 인수되었으나 수익을 기록하지 못한 GM은 1993년 로터스를 부가티를 소유했던 로마노 아르티올리에게 팔았고, 다시 1996년 말레이시아 프로톤그룹이 인수하여 최대주주가 되었다.

로터스 - Lotus는 연꽃을 의미하며 동양의 매력에 빠져있던 채프만이 이름과 엠블럼을 고안했다. 엠블럼 내 이니셜 A,B,C,D는 그의 풀네임 \\\\\\\'앤서니 콜린 브루스 채프만\\\\\\\'의 첫자를 따 만들었고 노란색 바탕은 태양을 상징한다.",https://i.namu.wiki/s/c3e0e00b06f3ddfda9263397fb4e74987bbec114b4367822ea81cb84441f8f041377e789192d00cea67fc96767919f6457fb5dc2586da9fd286abedfea8630883354d45417808ef39164d1b4106b1c0b421fc56e1764dc6011dbf954cfc81c73
49,롤스로이스,영국 웨스트서식스주 굿우드,BMW 그룹,1906-01-01,"찰스 롤스, 헨리 로이스",토르스텐 뮐러외트뵈슈,고급 승용차 제조업,The Best Car in the World,"벤틀리, 마이바흐와 세계 3대 명차로 꼽히는 롤스로이스는 영국의 최고급 수작업 자동차 제조업체로 현재 BMW AG 산하의 브랜드다. 귀족 집안 출신의 자동차 딜러였던 찰스 롤스와 제분업자의 아들로 태어나 전구용 필라멘트를 생산하는 회사를 운영하던 프레드릭 헨리 로이스가 설립한 제조업체다.

자동차에 관심이 많았던, 헬리 로이스가 프랑스의 드꼬비예 차량을 구입했으나 이에 불만이 많아 직접 차량을 제작하기로 결심하고, 1903년 자신의 첫번째 엔진을 설계하고 제작하였다. 이 엔진을 장착한 차량을 1904년 제작하였고, 그때 당시 판매할 차를 찾고 있던 찰스 롤스와 1904년 5월 4일 미팅을 가졌다. 찰스 롤스는 로이스 차량에 깊은 관심을 보였으며, 헨리 로이스가 제작하는 모든 자동차를 본인이 판매하기로 합의했다. 1906년 찰스 롤스와 헨리 로이스는 각각의 성을 붙여 ‘롤스로이스’라는 브랜드를 설립했고 이듬해 롤스로이스의 브랜드 가치를 세계 최고 수준으로 끌어올린 명차 ‘실버 고스트(Silver Ghost)’를 발표했다.

1910년 롤스는 라이트 형제가 제작한 최초의 비행기를 구입해 도버해협의 왕복 비행에 성공하기도 했으나, 그로부터 한달 뒤 비행기 사고로 추락해 숨졌다. 롤스의 죽음에 충격을 받은 로이스는 요양과 디자인 작업에 전념하였고, 그 결과로 1922년 20(twenty)을 시작으로 팬텀I(Phantom I, 1925년), 팬텀 II(PhantomII, 1929년)을 선보이며 최고급 브랜드라는 명성을 얻었다. 특히, 팬텀 시리즈는 롤스로이스를 대표하는 라인업으로 손꼽히는데, 파르테논 신전을 상징하는 수직형 라디에이터 그릴과 외형에서 오는 웅장함, 뛰어난 성능과 편안함까지 갖춰 ‘달리는 별장’으로 불렸다. 팬텀 시리즈는 1936년 V12기통 엔진을 장착한 팬텀Ⅲ으로 이어져, 1968년 팬텀Ⅵ까지 순차적으로 선보였다. 1931년 당대 떠오르는 브랜드였던 ‘벤틀리’를 인수했으며 1938년 영국 크루 지역에 공장을 증설하였고 벤틀리는 롤스로이스의 세단과 컨버터블을 개조한 차량들을 제작하는 포지션으로 자리 잡았다. 제2차 세계대전 종전 후, 1946년 실버시리즈의 시작을 알리는 실버 레이스가 출시되었고, 1950년대에는 실버 던을 공개했다. 1960년대에는 6기통 엔진을 장착한 마지막 모델인 실버 클라우드를 생산하여 롤스로이스 베스트 셀링 모델로 등극했으며, 실버 쉐도우를 출시하며 브랜드 아이덴티티를 이었다.

롤스로이스는 1914년에 처음으로 항공기용 엔진을 생산하였고, 제 1차 세계대전 당시에는 연합군의 항공기 절반이 롤스로이스 엔진을 장착하는 등 항공기용 엔진분야에서도 선두 업체였다. 1971년 2월, 엔진 개발비 증가에 따른 비용을 감당하지 못하여 롤스로이스는 법정관리에 빠지게 되었고, 영국 정부는 엔진 사업부와 자동차 사업부를 분리하여 엔진 사업부를 국유화하고 자동차 사업부는 영국의 비커스에 매각되었다. 이후에도 100% 수공 소량생산 원칙의 롤스로이스는 수익을 내는 데 한계를 나타냈고, 새로 개발된 엔진도 시대에 뒤쳐졌다. 1997년 비커스는 롤스로이스를 매각하겠다는 의사를 표시했고, 1998년 롤스로이스 인수를 위해 폭스바겐과 BMW의 힘겨루기 끝에 폭스바겐 AG는 벤틀리와 크루 공장을, BMW AG는 롤스로이스를 각각 인수하는 것으로 마무리됐다. - 양사의 합의를 통해 폭스바겐이 롤스로이스의 상표를 2002년까지 소유했고(BMW 엔진 공급), 2003년부터 BMW가 롤스로이스 브랜드를 소유, 생산하였다. ? 롤스로이스는 전통의 크루 공장을 떠나 굿우드에 새로운 본사와 공장을 건설하고 2003년 새로운 팬텀을 선보였다. 이후, 2009년 고스트, 2013년에는 레이스를 공개했다.

롤스로이스 엠블럼 RR은 창립자 찰스 롤스와 헨리 로이스의 이름에서 따온 것이고, 브랜드를 대표하는 조각상 환상의 여신상(Spirit of Ecstasy)은 롤스로이스의 대주주였던 몬테규의 연인 엘리노어를 형상화한 것으로 비서이자 연인이었던 그녀가 불의의 사고로 사망하자 몬테규가 조각가 사이크스에게 의뢰하여 제작한 것으로 롤스로이스의 상징으로 여겨지고 있다.",https://i.namu.wiki/s/ae9dbc94810a62df33b3b966d1058854d22f062f475a3eb46173a059258ce7bcd769febcc4b2380959c96eedb601d8783556103ea964bc3eebee4f58bca98c6c3965312412384f14829811ed994f77cd0a478629170807d56464a78067b297df
50,둥펑,중국 후베이성 우한시,국유자산감독관리위원회,1968-01-01,,주옌펑,자동차 제조업,,"중국의 완성차 제조 업체로 국유 기업이다. 상하이자동차, 디이자동차와 함께 중국 3대 완성차 업체로 알려져 있으며, 여기에 창안자동차와 체리자동차까지 합체 중국 5대 완성차 업체 중 하나이다. 홍콩 증권 거래소에 상장되어 있는 기업 중 하나이다.",https://i.namu.wiki/s/a8fc119f3d3b848fb466f3e9a551c846a6d290ef4a69a66751c4fd8ad72dfc69a6744584cd2d48d31b6fed370a45fd4b04395bebb33fc4b7550822b2c6a12e0d3c8a9b2040590df43737de6e5d7d8bd0bfe8f9b790c7fa134d549ec9eaddf5e3e19c334e78b947888c50b030b67877bc
51,이베코,이탈리아 피에몬테주 토리노,엑소르,1975-01-01,,게리트 마르크스,"상용차, 엔진 제조업",,"IVECO 그룹 산하 이탈리아 상용차 제조기업. 오랫동안 피아트 그룹의 계열이다가 CNH 인더스트리얼 산하로 편입되고 현재는 이베코 그룹으로 분사했다.

버스와 트럭 메이커인 피아트 산업 상용차, 오피신 메카니케, 란치아 벤콜 스페셜리를 비롯해 당시 프랑스의 자동차 기업인 유닉과 서독의 자동차 기업인 마기루스와 합병되면서 1975년에 설립된 기업으로, 유럽을 비롯해 대한민국, 중국, 인도, 러시아, 터키, 호주, 아르헨티나, 브라질, 남아프리카공화국 등 100개 이상 공장을 보유하고 있다. 현재 이베코는 전체 상용차 기준으로 연간 15만 대를 생산하고 있으며, 디젤 엔진은 약 40만 개가 생산되고 있다.

국내에선 2000년대까지는 굴절버스로 유명한 메이커였으나, 현재는 트럭으로 유명한 메이커다.",https://i.namu.wiki/s/7be50f819874790fb91f28e0adcecefce9d5fb7a31dd08d865fd932f1eb408ffecd09464c1ca39a50272356e56b3fdf0c5d87bb54ce9b8483d114e27624017ae696f7ff9ea9f6b106c19b33da007dbfebff1956d966086e5fff022f425c4b0d0
52,코닉세그,스웨덴 스코네 주 엥엘홀름,,1994-08-12,크리스티앙 본 코닉세그,크리스티앙 본 코닉세그,하이퍼카 제조업,The Koenigsegg way. The Spirit of Performance.,"스웨덴의 하이퍼카 제조사. 아게라 시리즈 하이퍼카 제작사로 잘 알려져 있으며, 비록 얼마 지나지 않아 부가티 베이론이 나타나긴 했지만 맥라렌 F1의 양산차량 최고속력을 깬 CCR로 대중에게 알려졌다.

람보르기니, 페라리, 맥라렌, 포르쉐와 같은 양산 슈퍼카, 스포츠카를 파는 회사가 아니며(다만 페라리의 라페라리, 맥라렌의 P1, 포르쉐의 918 스파이더는 코닉세그와 같은 하이퍼카이기는 하다), 부가티, 파가니와 같이 오직 최상위층만을 타겟으로 한 초고가, 초고성능의 하이퍼카만을 전문으로 취급한다.

코닉세그의 차량들은 수작업으로 극소수만 생산하여 파는 것을 원칙으로 한다. 1994년에 설립되었지만 2016년까지 생산대수가 130대에 불과할 정도이다. 베이론을 10년 동안 500대 가까이 판매한 부가티, 파가니와 비교해도 터무니없이 적다. 적은 생산대수와 고성능으로 미국의 연방자동차안전기준을 통과하지 못해 미국에는 정식으로 판매되지 못하고 극소수만이 개인딜러를 통해 수입되었는데, 이 와중에 수입된 코닉세그 CCX는 미국의 과속기록을 갱신하기까지 했다.",https://i.namu.wiki/s/20aebd7c662220ccaf8e2e3dc3be4d7583dd5a83cd601636338228c3a1bc6293dc5822f4804bcef90498f8e98ababb5cc33b67b3ecbb5dfdbb14268f39f492b51db7fbd293e0d19452b72ac70d1375400c8ad4c62b6922809bb9c056881fa0f8f5cec9a7490cb29c9975172418316961
